{
    "dataset": "Uniform",
    "kmeans_centroids": [
        {
            "centroid": 0,
            "values": {
                "x": 2.4290129590385106,
                "y": 0.0
            },
            "prediction": "[0.83735055 0.16264941]",
            "class": "0",
            "rules": [
                {
                    "rule": "x > 2.010",
                    "mass_class_1": 0.8570674061775208,
                    "mass_class_2": 0.0,
                    "uncertainty": 0.14293257892131805
                },
                {
                    "rule": "y = 0.0",
                    "mass_class_1": 0.0,
                    "mass_class_2": 0.2641555368900299,
                    "uncertainty": 0.7358444929122925
                }
            ]
        },
        {
            "centroid": 1,
            "values": {
                "x": -2.4032357259661397,
                "y": 0.0
            },
            "prediction": "[0.17675921 0.8232408 ]",
            "class": "1",
            "rules": [
                {
                    "rule": "x < -1.791",
                    "mass_class_1": 0.0,
                    "mass_class_2": 0.708210825920105,
                    "uncertainty": 0.29178914427757263
                },
                {
                    "rule": "y = 0.0",
                    "mass_class_1": 0.0,
                    "mass_class_2": 0.2641555368900299,
                    "uncertainty": 0.7358444929122925
                }
            ]
        }
    ],
    "dsc_rules": {
        "0": [
            [
                "0.74177676",
                2,
                "0.110 < x < 2.010",
                "0.86126465",
                "[0.86126465 0.         0.13873537]"
            ],
            [
                "0.73456454",
                3,
                "x > 2.010",
                "0.8570674",
                "[0.8570674  0.         0.14293258]"
            ]
        ],
        "1": [
            [
                "0.52645004",
                1,
                "-1.791 < x < 0.110",
                "0.7255688",
                "[0.         0.7255688  0.27443123]"
            ],
            [
                "0.5015626",
                0,
                "x < -1.791",
                "0.7082108",
                "[0.         0.7082108  0.29178914]"
            ],
            [
                "0.06977814",
                4,
                "y = 0.0",
                "0.2641555",
                "[0.         0.26415554 0.7358445 ]"
            ]
        ]
    }
}