{
    "dataset": "WingNut",
    "kmeans_centroids": [
        {
            "centroid": 0,
            "values": {
                "X1": -0.9212998451676533,
                "X2": 1.947837283195266
            },
            "prediction": "[0.8462     0.15380006]",
            "class": "0",
            "rules": [
                {
                    "rule": "X1 < -0.740",
                    "mass_class_1": 0.7493768334388733,
                    "mass_class_2": 0.0,
                    "uncertainty": 0.2506231665611267
                },
                {
                    "rule": "1.500 < X2 < 2.101",
                    "mass_class_1": 0.27479255199432373,
                    "mass_class_2": 0.0,
                    "uncertainty": 0.7252074480056763
                }
            ]
        },
        {
            "centroid": 1,
            "values": {
                "X1": 0.9176798064833009,
                "X2": 1.0539223938605107
            },
            "prediction": "[0.14285515 0.85714483]",
            "class": "1",
            "rules": [
                {
                    "rule": "X1 > 0.740",
                    "mass_class_1": 0.0,
                    "mass_class_2": 0.8441986441612244,
                    "uncertainty": 0.15580132603645325
                },
                {
                    "rule": "0.899 < X2 < 1.500",
                    "mass_class_1": 0.11989212781190872,
                    "mass_class_2": 0.05853009223937988,
                    "uncertainty": 0.821577787399292
                }
            ]
        }
    ],
    "dsc_rules": {
        "0": [
            [
                "0.56156564",
                0,
                "X1 < -0.740",
                "0.74937683",
                "[0.74937683 0.         0.25062317]"
            ],
            [
                "0.4861152",
                1,
                "-0.740 < X1 < 0.000",
                "0.6972196",
                "[0.6972196 0.        0.3027804]"
            ],
            [
                "0.33509862",
                7,
                "X2 > 2.101",
                "0.57887703",
                "[0.57887703 0.         0.42112297]"
            ],
            [
                "0.07551095",
                6,
                "1.500 < X2 < 2.101",
                "0.27479255",
                "[0.27479255 0.         0.72520745]"
            ],
            [
                "0.021391418",
                5,
                "0.899 < X2 < 1.500",
                "0.14625806",
                "[0.11989213 0.05853009 0.8215778 ]"
            ]
        ],
        "1": [
            [
                "0.7126714",
                3,
                "X1 > 0.740",
                "0.84419864",
                "[0.         0.84419864 0.15580133]"
            ],
            [
                "0.62079555",
                2,
                "0.000 < X1 < 0.740",
                "0.7879058",
                "[0.         0.78790575 0.21209422]"
            ],
            [
                "0.1876578",
                4,
                "X2 < 0.899",
                "0.43319488",
                "[0.         0.43319488 0.5668051 ]"
            ],
            [
                "0.010443068",
                5,
                "0.899 < X2 < 1.500",
                "0.10219133",
                "[0.11989213 0.05853009 0.8215778 ]"
            ]
        ]
    }
}