{
    "dataset": "Uniform",
    "kmeans_centroids": [
        {
            "centroid": 0,
            "values": {
                "x": 2.466650215529293,
                "y": 0.0
            },
            "prediction": "[0.8097092  0.19029081]",
            "class": "0",
            "rules": [
                {
                    "rule": "x > 2.010",
                    "mass_class_1": 0.7135316729545593,
                    "mass_class_2": 0.0,
                    "uncertainty": 0.2864683270454407
                },
                {
                    "rule": "y = 0.0",
                    "mass_class_1": 0.1796254962682724,
                    "mass_class_2": 0.0,
                    "uncertainty": 0.8203744888305664
                }
            ]
        },
        {
            "centroid": 1,
            "values": {
                "x": -2.3635068035137694,
                "y": 0.0
            },
            "prediction": "[0.1712086 0.8287914]",
            "class": "1",
            "rules": [
                {
                    "rule": "x < -1.791",
                    "mass_class_1": 0.0,
                    "mass_class_2": 0.8305301070213318,
                    "uncertainty": 0.16946987807750702
                },
                {
                    "rule": "y = 0.0",
                    "mass_class_1": 0.1796254962682724,
                    "mass_class_2": 0.0,
                    "uncertainty": 0.8203744888305664
                }
            ]
        }
    ],
    "dsc_rules": {
        "0": [
            [
                "0.59239745",
                2,
                "0.110 < x < 2.010",
                "0.7696736",
                "[0.76967365 0.         0.23032638]"
            ],
            [
                "0.50912744",
                3,
                "x > 2.010",
                "0.7135317",
                "[0.7135317  0.         0.28646833]"
            ],
            [
                "0.03226532",
                4,
                "y = 0.0",
                "0.1796255",
                "[0.1796255 0.        0.8203745]"
            ]
        ],
        "1": [
            [
                "0.68978024",
                0,
                "x < -1.791",
                "0.8305301",
                "[0.         0.8305301  0.16946988]"
            ],
            [
                "0.6433129",
                1,
                "-1.791 < x < 0.110",
                "0.8020679",
                "[0.        0.8020679 0.1979321]"
            ]
        ]
    }
}