{
    "dataset": "Gaussian",
    "kmeans_centroids": [
        {
            "centroid": 0,
            "values": {
                "x": 1.1928591125867567,
                "y": 0.18145611956065327
            },
            "prediction": "[0.9089576  0.09104244]",
            "class": "0",
            "rules": [
                {
                    "rule": "x > 1.067",
                    "mass_class_1": 0.766197144985199,
                    "mass_class_2": 0.0,
                    "uncertainty": 0.23380285501480103
                },
                {
                    "rule": "y < 0.247",
                    "mass_class_1": 0.5715990662574768,
                    "mass_class_2": 0.0,
                    "uncertainty": 0.4284009635448456
                }
            ]
        },
        {
            "centroid": 1,
            "values": {
                "x": 0.17778860369263239,
                "y": 0.9035088808842218
            },
            "prediction": "[0.10066361 0.8993364 ]",
            "class": "1",
            "rules": [
                {
                    "rule": "y > 0.838",
                    "mass_class_1": 0.0,
                    "mass_class_2": 0.6697505116462708,
                    "uncertainty": 0.33024948835372925
                },
                {
                    "rule": "x < 0.304",
                    "mass_class_1": 0.0,
                    "mass_class_2": 0.6610714793205261,
                    "uncertainty": 0.33892855048179626
                }
            ]
        }
    ],
    "dsc_rules": {
        "0": [
            [
                "0.58705807",
                3,
                "x > 1.067",
                "0.76619714",
                "[0.76619714 0.         0.23380286]"
            ],
            [
                "0.37600917",
                2,
                "0.685 < x < 1.067",
                "0.61319584",
                "[0.61319584 0.         0.38680413]"
            ],
            [
                "0.32672545",
                4,
                "y < 0.247",
                "0.571599",
                "[0.57159907 0.         0.42840096]"
            ],
            [
                "0.18954858",
                5,
                "0.247 < y < 0.542",
                "0.4353718",
                "[0.4240952  0.02285297 0.5530518 ]"
            ]
        ],
        "1": [
            [
                "0.44856575",
                7,
                "y > 0.838",
                "0.6697505",
                "[0.        0.6697505 0.3302495]"
            ],
            [
                "0.43701547",
                0,
                "x < 0.304",
                "0.6610715",
                "[0.         0.6610715  0.33892855]"
            ],
            [
                "0.41703555",
                1,
                "0.304 < x < 0.685",
                "0.6457829",
                "[0.        0.6457829 0.3542171]"
            ],
            [
                "0.24818559",
                6,
                "0.542 < y < 0.838",
                "0.4981823",
                "[0.         0.49818227 0.5018177 ]"
            ],
            [
                "0.010214094",
                5,
                "0.247 < y < 0.542",
                "0.1010648",
                "[0.4240952  0.02285297 0.5530518 ]"
            ]
        ]
    }
}