{
    "dataset": "Rectangle",
    "kmeans_centroids": [
        {
            "centroid": 0,
            "values": {
                "x": 0.004198246296158264,
                "y": -0.5865640830423052
            },
            "prediction": "[0.8251546  0.17484541]",
            "class": "0",
            "rules": [
                {
                    "rule": "y < -0.441",
                    "mass_class_1": 0.7612380981445312,
                    "mass_class_2": 0.0,
                    "uncertainty": 0.23876187205314636
                },
                {
                    "rule": "-0.021 < x < 0.371",
                    "mass_class_1": 0.16574589908123016,
                    "mass_class_2": 0.05996417999267578,
                    "uncertainty": 0.7742899656295776
                }
            ]
        },
        {
            "centroid": 1,
            "values": {
                "x": -0.046336247117657735,
                "y": 0.5759678248423152
            },
            "prediction": "[0.16938336 0.83061665]",
            "class": "1",
            "rules": [
                {
                    "rule": "y > 0.410",
                    "mass_class_1": 0.0,
                    "mass_class_2": 0.7898893356323242,
                    "uncertainty": 0.2101106345653534
                },
                {
                    "rule": "-0.412 < x < -0.021",
                    "mass_class_1": 0.07697295397520065,
                    "mass_class_2": 0.10414755344390869,
                    "uncertainty": 0.8188794851303101
                }
            ]
        }
    ],
    "dsc_rules": {
        "0": [
            [
                "0.6401485",
                5,
                "-0.441 < y < -0.016",
                "0.8000928",
                "[0.8000928 0.        0.1999072]"
            ],
            [
                "0.57948345",
                4,
                "y < -0.441",
                "0.7612381",
                "[0.7612381  0.         0.23876187]"
            ],
            [
                "0.037410513",
                2,
                "-0.021 < x < 0.371",
                "0.19341797",
                "[0.1657459  0.05996418 0.77428997]"
            ],
            [
                "0.01835459",
                3,
                "x > 0.371",
                "0.13547911",
                "[0.10305654 0.07504564 0.82189786]"
            ],
            [
                "0.013941381",
                1,
                "-0.412 < x < -0.021",
                "0.11807363",
                "[0.07697295 0.10414755 0.8188795 ]"
            ],
            [
                "0.013073794",
                0,
                "x < -0.412",
                "0.11434069",
                "[0.07338337 0.10477413 0.82184255]"
            ]
        ],
        "1": [
            [
                "0.62392515",
                7,
                "y > 0.410",
                "0.78988934",
                "[0.         0.78988934 0.21011063]"
            ],
            [
                "0.54695463",
                6,
                "-0.016 < y < 0.410",
                "0.7395638",
                "[0.         0.7395638  0.26043618]"
            ],
            [
                "0.018863259",
                1,
                "-0.412 < x < -0.021",
                "0.13734359",
                "[0.07697295 0.10414755 0.8188795 ]"
            ],
            [
                "0.018666292",
                0,
                "x < -0.412",
                "0.13662463",
                "[0.07338337 0.10477413 0.82184255]"
            ],
            [
                "0.013534517",
                2,
                "-0.021 < x < 0.371",
                "0.11633794",
                "[0.1657459  0.05996418 0.77428997]"
            ],
            [
                "0.013365788",
                3,
                "x > 0.371",
                "0.1156105",
                "[0.10305654 0.07504564 0.82189786]"
            ]
        ]
    }
}