{
    "dataset": "EngyTime",
    "kmeans_centroids": [
        {
            "centroid": 0,
            "values": {
                "X1": 0.5140143535146234,
                "X2": 0.3417828809645971
            },
            "prediction": "[0.94837326 0.0516267 ]",
            "class": "0",
            "rules": [
                {
                    "rule": "X2 < 0.545",
                    "mass_class_1": 0.8868750333786011,
                    "mass_class_2": 0.0,
                    "uncertainty": 0.11312497407197952
                },
                {
                    "rule": "0.299 < X1 < 1.279",
                    "mass_class_1": 0.5187879204750061,
                    "mass_class_2": 0.0,
                    "uncertainty": 0.4812121093273163
                }
            ]
        },
        {
            "centroid": 1,
            "values": {
                "X1": 1.9740564084769443,
                "X2": 2.9597550503027477
            },
            "prediction": "[0.0343355 0.9656645]",
            "class": "1",
            "rules": [
                {
                    "rule": "X2 > 2.883",
                    "mass_class_1": 0.0,
                    "mass_class_2": 0.9714422821998596,
                    "uncertainty": 0.02855769172310829
                },
                {
                    "rule": "1.279 < X1 < 2.260",
                    "mass_class_1": 0.19691449403762817,
                    "mass_class_2": 0.0001017861723084934,
                    "uncertainty": 0.8029837012290955
                }
            ]
        }
    ],
    "dsc_rules": {
        "0": [
            [
                "0.7865473",
                4,
                "X2 < 0.545",
                "0.88687503",
                "[0.88687503 0.         0.11312497]"
            ],
            [
                "0.7294065",
                0,
                "X1 < 0.299",
                "0.85405296",
                "[0.85405296 0.         0.14594704]"
            ],
            [
                "0.39164236",
                5,
                "0.545 < X2 < 1.714",
                "0.62581336",
                "[0.62581336 0.         0.37418664]"
            ],
            [
                "0.26914087",
                1,
                "0.299 < X1 < 1.279",
                "0.51878786",
                "[0.5187879 0.        0.4812121]"
            ],
            [
                "0.038795363",
                2,
                "1.279 < X1 < 2.260",
                "0.19696538",
                "[1.9691449e-01 1.0178617e-04 8.0298370e-01]"
            ]
        ],
        "1": [
            [
                "0.94370013",
                7,
                "X2 > 2.883",
                "0.9714423",
                "[0.         0.9714423  0.02855769]"
            ],
            [
                "0.6888849",
                3,
                "X1 > 2.260",
                "0.8299909",
                "[0.         0.8299909  0.17000909]"
            ],
            [
                "0.4115695",
                6,
                "1.714 < X2 < 2.883",
                "0.64153683",
                "[0.         0.64153683 0.3584632 ]"
            ]
        ]
    }
}