{
    "dataset": "TwoDiamonds",
    "kmeans_centroids": [
        {
            "centroid": 0,
            "values": {
                "X1": 3.084087225,
                "X2": -0.0020558000000000095
            },
            "prediction": "[0.80562025 0.19437982]",
            "class": "0",
            "rules": [
                {
                    "rule": "X1 > 2.800",
                    "mass_class_1": 0.7716928124427795,
                    "mass_class_2": 0.0,
                    "uncertainty": 0.22830718755722046
                },
                {
                    "rule": "-0.290 < X2 < 0.001",
                    "mass_class_1": 0.07134631276130676,
                    "mass_class_2": 0.12127592414617538,
                    "uncertainty": 0.8073777556419373
                }
            ]
        },
        {
            "centroid": 1,
            "values": {
                "X1": 1.0043701000000003,
                "X2": 0.0044222524999999934
            },
            "prediction": "[0.19780518 0.8021948 ]",
            "class": "1",
            "rules": [
                {
                    "rule": "X1 < 1.288",
                    "mass_class_1": 0.0,
                    "mass_class_2": 0.7546964287757874,
                    "uncertainty": 0.24530354142189026
                },
                {
                    "rule": "0.001 < X2 < 0.293",
                    "mass_class_1": 0.09250018000602722,
                    "mass_class_2": 0.08777790516614914,
                    "uncertainty": 0.8197219967842102
                }
            ]
        }
    ],
    "dsc_rules": {
        "0": [
            [
                "0.6841507",
                2,
                "2.044 < X1 < 2.800",
                "0.827134",
                "[0.827134   0.         0.17286596]"
            ],
            [
                "0.59550977",
                3,
                "X1 > 2.800",
                "0.7716928",
                "[0.7716928  0.         0.22830719]"
            ],
            [
                "0.017194849",
                4,
                "X2 < -0.290",
                "0.13112913",
                "[0.09048768 0.09953648 0.8099758 ]"
            ],
            [
                "0.016675748",
                6,
                "0.001 < X2 < 0.293",
                "0.12913461",
                "[0.09250018 0.08777791 0.819722  ]"
            ],
            [
                "0.015022502",
                7,
                "X2 > 0.293",
                "0.12256632",
                "[0.08141445 0.10310439 0.8154811 ]"
            ],
            [
                "0.0137428865",
                5,
                "-0.290 < X2 < 0.001",
                "0.11723006",
                "[0.07134631 0.12127592 0.80737776]"
            ]
        ],
        "1": [
            [
                "0.7100753",
                1,
                "1.288 < X1 < 2.044",
                "0.84265965",
                "[0.         0.84265965 0.15734033]"
            ],
            [
                "0.5695667",
                0,
                "X1 < 1.288",
                "0.7546964",
                "[0.         0.7546964  0.24530354]"
            ],
            [
                "0.02336044",
                5,
                "-0.290 < X2 < 0.001",
                "0.15284123",
                "[0.07134631 0.12127592 0.80737776]"
            ],
            [
                "0.019024706",
                7,
                "X2 > 0.293",
                "0.13793008",
                "[0.08141445 0.10310439 0.8154811 ]"
            ],
            [
                "0.01891434",
                4,
                "X2 < -0.290",
                "0.13752942",
                "[0.09048768 0.09953648 0.8099758 ]"
            ],
            [
                "0.015824426",
                6,
                "0.001 < X2 < 0.293",
                "0.12579517",
                "[0.09250018 0.08777791 0.819722  ]"
            ]
        ]
    }
}