{
    "dataset": "Gaussian",
    "kmeans_centroids": [
        {
            "centroid": 0,
            "values": {
                "x": 0.17778860369263239,
                "y": 0.9035088808842218
            },
            "prediction": "[0.9142894  0.08571056]",
            "class": "0",
            "rules": [
                {
                    "rule": "x < 0.304",
                    "mass_class_1": 0.7897427082061768,
                    "mass_class_2": 0.0,
                    "uncertainty": 0.21025730669498444
                },
                {
                    "rule": "y > 0.838",
                    "mass_class_1": 0.5541388988494873,
                    "mass_class_2": 0.0,
                    "uncertainty": 0.4458611011505127
                }
            ]
        },
        {
            "centroid": 1,
            "values": {
                "x": 1.1928591125867567,
                "y": 0.18145611956065327
            },
            "prediction": "[0.08283043 0.9171696 ]",
            "class": "1",
            "rules": [
                {
                    "rule": "y < 0.247",
                    "mass_class_1": 0.0,
                    "mass_class_2": 0.7171422839164734,
                    "uncertainty": 0.2828577160835266
                },
                {
                    "rule": "x > 1.067",
                    "mass_class_1": 0.0,
                    "mass_class_2": 0.6807196140289307,
                    "uncertainty": 0.31928038597106934
                }
            ]
        }
    ],
    "dsc_rules": {
        "0": [
            [
                "0.6236935",
                0,
                "x < 0.304",
                "0.7897427",
                "[0.7897427 0.        0.2102573]"
            ],
            [
                "0.4676085",
                1,
                "0.304 < x < 0.685",
                "0.68381906",
                "[0.68381906 0.         0.31618094]"
            ],
            [
                "0.30706993",
                7,
                "y > 0.838",
                "0.5541389",
                "[0.5541389 0.        0.4458611]"
            ],
            [
                "0.1993473",
                6,
                "0.542 < y < 0.838",
                "0.44648325",
                "[0.43310085 0.02717835 0.53972083]"
            ]
        ],
        "1": [
            [
                "0.5142931",
                4,
                "y < 0.247",
                "0.7171423",
                "[0.         0.7171423  0.28285772]"
            ],
            [
                "0.4633792",
                3,
                "x > 1.067",
                "0.6807196",
                "[0.        0.6807196 0.3192804]"
            ],
            [
                "0.39335907",
                2,
                "0.685 < x < 1.067",
                "0.62718344",
                "[0.         0.62718344 0.37281656]"
            ],
            [
                "0.25191233",
                5,
                "0.247 < y < 0.542",
                "0.50190866",
                "[0.        0.5019087 0.4980913]"
            ],
            [
                "0.012509629",
                6,
                "0.542 < y < 0.838",
                "0.111846454",
                "[0.43310085 0.02717835 0.53972083]"
            ]
        ]
    }
}