{
    "dataset": "Uniform",
    "kmeans_centroids": [
        {
            "centroid": 0,
            "values": {
                "x": 2.466650215529293,
                "y": 0.0
            },
            "prediction": "[0.848053 0.151947]",
            "class": "0",
            "rules": [
                {
                    "rule": "x > 2.010",
                    "mass_class_1": 0.8366847634315491,
                    "mass_class_2": 0.0,
                    "uncertainty": 0.16331525146961212
                },
                {
                    "rule": "y = 0.0",
                    "mass_class_1": 0.04662572965025902,
                    "mass_class_2": 0.13099755346775055,
                    "uncertainty": 0.8223767280578613
                }
            ]
        },
        {
            "centroid": 1,
            "values": {
                "x": -2.3635068035137694,
                "y": 0.0
            },
            "prediction": "[0.16385475 0.8361452 ]",
            "class": "1",
            "rules": [
                {
                    "rule": "x < -1.791",
                    "mass_class_1": 0.0,
                    "mass_class_2": 0.7850092649459839,
                    "uncertainty": 0.2149907350540161
                },
                {
                    "rule": "y = 0.0",
                    "mass_class_1": 0.04662572965025902,
                    "mass_class_2": 0.13099755346775055,
                    "uncertainty": 0.8223767280578613
                }
            ]
        }
    ],
    "dsc_rules": {
        "0": [
            [
                "0.7000414",
                3,
                "x > 2.010",
                "0.83668476",
                "[0.83668476 0.         0.16331525]"
            ],
            [
                "0.6943256",
                2,
                "0.110 < x < 2.010",
                "0.833262",
                "[0.833262   0.         0.16673799]"
            ],
            [
                "0.008281815",
                4,
                "y = 0.0",
                "0.091004476",
                "[0.04662573 0.13099755 0.8223767 ]"
            ]
        ],
        "1": [
            [
                "0.64691085",
                1,
                "-1.791 < x < 0.110",
                "0.8043077",
                "[0.         0.8043077  0.19569229]"
            ],
            [
                "0.61623955",
                0,
                "x < -1.791",
                "0.78500926",
                "[0.         0.78500926 0.21499074]"
            ],
            [
                "0.023268213",
                4,
                "y = 0.0",
                "0.15253922",
                "[0.04662573 0.13099755 0.8223767 ]"
            ]
        ]
    }
}