{
    "dataset": "Rectangle",
    "kmeans_centroids": [
        {
            "centroid": 0,
            "values": {
                "x": 0.48150857683679454,
                "y": -0.1487873892131764
            },
            "prediction": "[0.85581845 0.14418155]",
            "class": "0",
            "rules": [
                {
                    "rule": "x > 0.371",
                    "mass_class_1": 0.8231752514839172,
                    "mass_class_2": 0.0,
                    "uncertainty": 0.17682471871376038
                },
                {
                    "rule": "-0.441 < y < -0.016",
                    "mass_class_1": 0.11424054950475693,
                    "mass_class_2": 0.07032592594623566,
                    "uncertainty": 0.8154335618019104
                }
            ]
        },
        {
            "centroid": 1,
            "values": {
                "x": -0.5093888190841266,
                "y": 0.11349045232162826
            },
            "prediction": "[0.12252944 0.87747055]",
            "class": "1",
            "rules": [
                {
                    "rule": "x < -0.412",
                    "mass_class_1": 0.0,
                    "mass_class_2": 0.7940806746482849,
                    "uncertainty": 0.20591935515403748
                },
                {
                    "rule": "-0.016 < y < 0.410",
                    "mass_class_1": 0.0,
                    "mass_class_2": 0.3218734860420227,
                    "uncertainty": 0.6781265139579773
                }
            ]
        }
    ],
    "dsc_rules": {
        "0": [
            [
                "0.67761755",
                3,
                "x > 0.371",
                "0.8231753",
                "[0.82317525 0.         0.17682472]"
            ],
            [
                "0.4593639",
                2,
                "-0.021 < x < 0.371",
                "0.6777639",
                "[0.6777639 0.        0.3222361]"
            ],
            [
                "0.092503995",
                4,
                "y < -0.441",
                "0.30414468",
                "[0.3041447 0.        0.6958553]"
            ],
            [
                "0.021084972",
                5,
                "-0.441 < y < -0.016",
                "0.14520665",
                "[0.11424055 0.07032593 0.81543356]"
            ]
        ],
        "1": [
            [
                "0.6305641",
                0,
                "x < -0.412",
                "0.7940807",
                "[0.         0.7940807  0.20591936]"
            ],
            [
                "0.40958065",
                1,
                "-0.412 < x < -0.021",
                "0.6399849",
                "[0.         0.6399849  0.36001512]"
            ],
            [
                "0.13678055",
                7,
                "y > 0.410",
                "0.36983854",
                "[0.         0.36983854 0.63016146]"
            ],
            [
                "0.10360254",
                6,
                "-0.016 < y < 0.410",
                "0.3218735",
                "[0.        0.3218735 0.6781265]"
            ],
            [
                "0.0129798055",
                5,
                "-0.441 < y < -0.016",
                "0.11392895",
                "[0.11424055 0.07032593 0.81543356]"
            ]
        ]
    }
}