{
    "dataset": "EngyTime",
    "kmeans_centroids": [
        {
            "centroid": 0,
            "values": {
                "X1": 0.5140143535146234,
                "X2": 0.3417828809645964
            },
            "prediction": "[0.9626501  0.03734996]",
            "class": "0",
            "rules": [
                {
                    "rule": "X2 < 0.545",
                    "mass_class_1": 0.9270986318588257,
                    "mass_class_2": 0.0,
                    "uncertainty": 0.07290138304233551
                },
                {
                    "rule": "0.299 < X1 < 1.279",
                    "mass_class_1": 0.4677864611148834,
                    "mass_class_2": 0.0,
                    "uncertainty": 0.5322135090827942
                }
            ]
        },
        {
            "centroid": 1,
            "values": {
                "X1": 1.9740564084769443,
                "X2": 2.9597550503027477
            },
            "prediction": "[0.03792258 0.96207744]",
            "class": "1",
            "rules": [
                {
                    "rule": "X2 > 2.883",
                    "mass_class_1": 0.0,
                    "mass_class_2": 0.9637815952301025,
                    "uncertainty": 0.03621840104460716
                },
                {
                    "rule": "1.279 < X1 < 2.260",
                    "mass_class_1": 0.1303648054599762,
                    "mass_class_2": 0.053554315119981766,
                    "uncertainty": 0.8160808682441711
                }
            ]
        }
    ],
    "dsc_rules": {
        "0": [
            [
                "0.85951185",
                4,
                "X2 < 0.545",
                "0.92709863",
                "[0.92709863 0.         0.07290138]"
            ],
            [
                "0.6848963",
                0,
                "X1 < 0.299",
                "0.8275846",
                "[0.8275846  0.         0.17241535]"
            ],
            [
                "0.42497346",
                5,
                "0.545 < X2 < 1.714",
                "0.6518999",
                "[0.6518999  0.         0.34810013]"
            ],
            [
                "0.2188242",
                1,
                "0.299 < X1 < 1.279",
                "0.4677865",
                "[0.46778646 0.         0.5322135 ]"
            ],
            [
                "0.023976581",
                2,
                "1.279 < X1 < 2.260",
                "0.15484373",
                "[0.1303648  0.05355432 0.81608087]"
            ]
        ],
        "1": [
            [
                "0.92887497",
                7,
                "X2 > 2.883",
                "0.9637816",
                "[0.        0.9637816 0.0362184]"
            ],
            [
                "0.72299916",
                3,
                "X1 > 2.260",
                "0.8502936",
                "[0.         0.8502936  0.14970642]"
            ],
            [
                "0.3326327",
                6,
                "1.714 < X2 < 2.883",
                "0.5767432",
                "[0.        0.5767432 0.4232568]"
            ],
            [
                "0.009849663",
                2,
                "1.279 < X1 < 2.260",
                "0.09924547",
                "[0.1303648  0.05355432 0.81608087]"
            ]
        ]
    }
}