{
    "dataset": "WingNut",
    "kmeans_centroids": [
        {
            "centroid": 0,
            "values": {
                "X1": 0.9176798064833009,
                "X2": 1.0539223938605107
            },
            "prediction": "[0.8336096  0.16639045]",
            "class": "0",
            "rules": [
                {
                    "rule": "X1 > 0.740",
                    "mass_class_1": 0.7337232232093811,
                    "mass_class_2": 0.0,
                    "uncertainty": 0.2662767767906189
                },
                {
                    "rule": "0.899 < X2 < 1.500",
                    "mass_class_1": 0.2503950595855713,
                    "mass_class_2": 0.0,
                    "uncertainty": 0.7496049404144287
                }
            ]
        },
        {
            "centroid": 1,
            "values": {
                "X1": -0.9212998451676533,
                "X2": 1.947837283195266
            },
            "prediction": "[0.16975446 0.83024555]",
            "class": "1",
            "rules": [
                {
                    "rule": "X1 < -0.740",
                    "mass_class_1": 0.0,
                    "mass_class_2": 0.8030288219451904,
                    "uncertainty": 0.19697116315364838
                },
                {
                    "rule": "1.500 < X2 < 2.101",
                    "mass_class_1": 0.11276451498270035,
                    "mass_class_2": 0.0790184810757637,
                    "uncertainty": 0.8082169890403748
                }
            ]
        }
    ],
    "dsc_rules": {
        "0": [
            [
                "0.53834975",
                3,
                "X1 > 0.740",
                "0.7337232",
                "[0.7337232  0.         0.26627678]"
            ],
            [
                "0.39104176",
                2,
                "0.000 < X1 < 0.740",
                "0.6253333",
                "[0.6253333 0.        0.3746667]"
            ],
            [
                "0.36110753",
                4,
                "X2 < 0.899",
                "0.6009222",
                "[0.6009222  0.         0.39907777]"
            ],
            [
                "0.062697686",
                5,
                "0.899 < X2 < 1.500",
                "0.25039506",
                "[0.25039506 0.         0.74960494]"
            ],
            [
                "0.021626318",
                6,
                "1.500 < X2 < 2.101",
                "0.14705889",
                "[0.11276451 0.07901848 0.808217  ]"
            ],
            [
                "0.000755157",
                7,
                "X2 > 2.101",
                "0.02748012",
                "[0.00153491 0.49045175 0.50801337]"
            ]
        ],
        "1": [
            [
                "0.64485526",
                0,
                "X1 < -0.740",
                "0.8030288",
                "[0.         0.8030288  0.19697116]"
            ],
            [
                "0.5557639",
                1,
                "-0.740 < X1 < 0.000",
                "0.74549574",
                "[0.         0.74549574 0.25450426]"
            ],
            [
                "0.24129571",
                7,
                "X2 > 2.101",
                "0.4912186",
                "[0.00153491 0.49045175 0.50801337]"
            ],
            [
                "0.015154402",
                6,
                "1.500 < X2 < 2.101",
                "0.12310322",
                "[0.11276451 0.07901848 0.808217  ]"
            ]
        ]
    }
}