{
    "dataset": "Rectangle",
    "kmeans_centroids": [
        {
            "centroid": 0,
            "values": {
                "x": -0.04633624711765774,
                "y": 0.5759678248423153
            },
            "prediction": "[0.8420941  0.15790586]",
            "class": "0",
            "rules": [
                {
                    "rule": "y > 0.410",
                    "mass_class_1": 0.7792108058929443,
                    "mass_class_2": 0.0,
                    "uncertainty": 0.22078922390937805
                },
                {
                    "rule": "-0.412 < x < -0.021",
                    "mass_class_1": 0.17057493329048157,
                    "mass_class_2": 0.023398445919156075,
                    "uncertainty": 0.8060266375541687
                }
            ]
        },
        {
            "centroid": 1,
            "values": {
                "x": 0.004198246296158264,
                "y": -0.5865640830423052
            },
            "prediction": "[0.12818795 0.87181205]",
            "class": "1",
            "rules": [
                {
                    "rule": "y < -0.441",
                    "mass_class_1": 0.0,
                    "mass_class_2": 0.8586471676826477,
                    "uncertainty": 0.1413528174161911
                },
                {
                    "rule": "-0.021 < x < 0.371",
                    "mass_class_1": 0.11080137640237808,
                    "mass_class_2": 0.07504916936159134,
                    "uncertainty": 0.8141494393348694
                }
            ]
        }
    ],
    "dsc_rules": {
        "0": [
            [
                "0.6071695",
                7,
                "y > 0.410",
                "0.7792108",
                "[0.7792108  0.         0.22078922]"
            ],
            [
                "0.562989",
                6,
                "-0.016 < y < 0.410",
                "0.7503259",
                "[0.7503259 0.        0.2496741]"
            ],
            [
                "0.033086993",
                1,
                "-0.412 < x < -0.021",
                "0.18189831",
                "[0.17057493 0.02339845 0.80602664]"
            ],
            [
                "0.031329054",
                0,
                "x < -0.412",
                "0.17700015",
                "[0.17700015 0.         0.82299984]"
            ],
            [
                "0.027482837",
                3,
                "x > 0.371",
                "0.16577949",
                "[0.15195668 0.02890304 0.8191403 ]"
            ],
            [
                "0.020592498",
                2,
                "-0.021 < x < 0.371",
                "0.14350086",
                "[0.11080138 0.07504917 0.81414944]"
            ]
        ],
        "1": [
            [
                "0.73727494",
                4,
                "y < -0.441",
                "0.85864717",
                "[0.         0.85864717 0.14135282]"
            ],
            [
                "0.6144346",
                5,
                "-0.441 < y < -0.016",
                "0.7838588",
                "[0.         0.7838588  0.21614124]"
            ],
            [
                "0.01394793",
                2,
                "-0.021 < x < 0.371",
                "0.11810136",
                "[0.11080138 0.07504917 0.81414944]"
            ],
            [
                "0.005227394",
                3,
                "x > 0.371",
                "0.07230072",
                "[0.15195668 0.02890304 0.8191403 ]"
            ],
            [
                "0.0045386753",
                1,
                "-0.412 < x < -0.021",
                "0.06736969",
                "[0.17057493 0.02339845 0.80602664]"
            ]
        ]
    }
}