{
    "dataset": "WingNut",
    "kmeans_centroids": [
        {
            "centroid": 0,
            "values": {
                "X1": -0.9212998451676533,
                "X2": 1.947837283195266
            },
            "prediction": "[0.8457157  0.15428433]",
            "class": "0",
            "rules": [
                {
                    "rule": "X1 < -0.740",
                    "mass_class_1": 0.7881861329078674,
                    "mass_class_2": 0.0,
                    "uncertainty": 0.21181388199329376
                },
                {
                    "rule": "1.500 < X2 < 2.101",
                    "mass_class_1": 0.18670764565467834,
                    "mass_class_2": 0.055713605135679245,
                    "uncertainty": 0.7575788497924805
                }
            ]
        },
        {
            "centroid": 1,
            "values": {
                "X1": 0.9176798064833009,
                "X2": 1.0539223938605107
            },
            "prediction": "[0.15932375 0.84067625]",
            "class": "1",
            "rules": [
                {
                    "rule": "X1 > 0.740",
                    "mass_class_1": 0.0,
                    "mass_class_2": 0.7836400866508484,
                    "uncertainty": 0.216359943151474
                },
                {
                    "rule": "0.899 < X2 < 1.500",
                    "mass_class_1": 0.04173390939831734,
                    "mass_class_2": 0.16061539947986603,
                    "uncertainty": 0.7976506948471069
                }
            ]
        }
    ],
    "dsc_rules": {
        "0": [
            [
                "0.6212374",
                0,
                "X1 < -0.740",
                "0.78818613",
                "[0.78818613 0.         0.21181388]"
            ],
            [
                "0.42708448",
                1,
                "-0.740 < X1 < 0.000",
                "0.653517",
                "[0.653517 0.       0.346483]"
            ],
            [
                "0.29297608",
                7,
                "X2 > 2.101",
                "0.54127264",
                "[0.54127264 0.         0.45872736]"
            ],
            [
                "0.045261882",
                6,
                "1.500 < X2 < 2.101",
                "0.21274841",
                "[0.18670765 0.05571361 0.75757885]"
            ],
            [
                "0.008444828",
                5,
                "0.899 < X2 < 1.500",
                "0.091895744",
                "[0.04173391 0.1606154  0.7976507 ]"
            ]
        ],
        "1": [
            [
                "0.61409175",
                3,
                "X1 > 0.740",
                "0.7836401",
                "[0.         0.7836401  0.21635994]"
            ],
            [
                "0.45601448",
                2,
                "0.000 < X1 < 0.740",
                "0.67528844",
                "[0.         0.67528844 0.32471156]"
            ],
            [
                "0.2739214",
                4,
                "X2 < 0.899",
                "0.52337503",
                "[0.       0.523375 0.476625]"
            ],
            [
                "0.032500416",
                5,
                "0.899 < X2 < 1.500",
                "0.18027872",
                "[0.04173391 0.1606154  0.7976507 ]"
            ],
            [
                "0.013506156",
                6,
                "1.500 < X2 < 2.101",
                "0.11621599",
                "[0.18670765 0.05571361 0.75757885]"
            ]
        ]
    }
}