{
    "dataset": "Uniform",
    "kmeans_centroids": [
        {
            "centroid": 0,
            "values": {
                "x": 2.466650215529293,
                "y": 0.0
            },
            "prediction": "[0.87218034 0.12781969]",
            "class": "0",
            "rules": [
                {
                    "rule": "x > 2.010",
                    "mass_class_1": 0.8655210733413696,
                    "mass_class_2": 0.0,
                    "uncertainty": 0.13447894155979156
                },
                {
                    "rule": "y = 0.0",
                    "mass_class_1": 0.05250991880893707,
                    "mass_class_2": 0.13056428730487823,
                    "uncertainty": 0.8169257640838623
                }
            ]
        },
        {
            "centroid": 1,
            "values": {
                "x": -2.3635068035137694,
                "y": 0.0
            },
            "prediction": "[0.14925128 0.8507487 ]",
            "class": "1",
            "rules": [
                {
                    "rule": "x < -1.791",
                    "mass_class_1": 0.0,
                    "mass_class_2": 0.8088149428367615,
                    "uncertainty": 0.19118505716323853
                },
                {
                    "rule": "y = 0.0",
                    "mass_class_1": 0.05250991880893707,
                    "mass_class_2": 0.13056428730487823,
                    "uncertainty": 0.8169257640838623
                }
            ]
        }
    ],
    "dsc_rules": {
        "0": [
            [
                "0.74912673",
                3,
                "x > 2.010",
                "0.8655211",
                "[0.8655211  0.         0.13447894]"
            ],
            [
                "0.6436494",
                2,
                "0.110 < x < 2.010",
                "0.8022776",
                "[0.8022776  0.         0.19772236]"
            ],
            [
                "0.009613213",
                4,
                "y = 0.0",
                "0.098046996",
                "[0.05250992 0.13056429 0.81692576]"
            ]
        ],
        "1": [
            [
                "0.6541816",
                0,
                "x < -1.791",
                "0.80881494",
                "[0.         0.80881494 0.19118506]"
            ],
            [
                "0.6182168",
                1,
                "-1.791 < x < 0.110",
                "0.78626764",
                "[0.         0.78626764 0.21373238]"
            ],
            [
                "0.023902956",
                4,
                "y = 0.0",
                "0.1546058",
                "[0.05250992 0.13056429 0.81692576]"
            ]
        ]
    }
}