{
    "dataset": "WingNut",
    "kmeans_centroids": [
        {
            "centroid": 0,
            "values": {
                "X1": -0.9212998451676533,
                "X2": 1.947837283195266
            },
            "prediction": "[0.82303154 0.17696844]",
            "class": "0",
            "rules": [
                {
                    "rule": "X1 < -0.740",
                    "mass_class_1": 0.7939671874046326,
                    "mass_class_2": 0.0,
                    "uncertainty": 0.20603282749652863
                },
                {
                    "rule": "1.500 < X2 < 2.101",
                    "mass_class_1": 0.06590205430984497,
                    "mass_class_2": 0.10494549572467804,
                    "uncertainty": 0.8291524648666382
                }
            ]
        },
        {
            "centroid": 1,
            "values": {
                "X1": 0.9176798064833009,
                "X2": 1.053922393860511
            },
            "prediction": "[0.17584336 0.8241566 ]",
            "class": "1",
            "rules": [
                {
                    "rule": "X1 > 0.740",
                    "mass_class_1": 0.0,
                    "mass_class_2": 0.7124980688095093,
                    "uncertainty": 0.28750190138816833
                },
                {
                    "rule": "0.899 < X2 < 1.500",
                    "mass_class_1": 0.0,
                    "mass_class_2": 0.2578777074813843,
                    "uncertainty": 0.7421222925186157
                }
            ]
        }
    ],
    "dsc_rules": {
        "0": [
            [
                "0.6303839",
                0,
                "X1 < -0.740",
                "0.7939672",
                "[0.7939672  0.         0.20603283]"
            ],
            [
                "0.60640883",
                1,
                "-0.740 < X1 < 0.000",
                "0.7787226",
                "[0.7787226  0.         0.22127743]"
            ],
            [
                "0.22780208",
                7,
                "X2 > 2.101",
                "0.47728616",
                "[0.47631034 0.0019537  0.521736  ]"
            ],
            [
                "0.011259204",
                6,
                "1.500 < X2 < 2.101",
                "0.106109396",
                "[0.06590205 0.1049455  0.82915246]"
            ]
        ],
        "1": [
            [
                "0.5076535",
                3,
                "X1 > 0.740",
                "0.71249807",
                "[0.         0.71249807 0.2875019 ]"
            ],
            [
                "0.46250564",
                2,
                "0.000 < X1 < 0.740",
                "0.6800777",
                "[0.         0.6800777  0.31992233]"
            ],
            [
                "0.27547693",
                4,
                "X2 < 0.899",
                "0.52485895",
                "[0.         0.52485895 0.47514105]"
            ],
            [
                "0.06650091",
                5,
                "0.899 < X2 < 1.500",
                "0.2578777",
                "[0.        0.2578777 0.7421223]"
            ],
            [
                "0.017929679",
                6,
                "1.500 < X2 < 2.101",
                "0.13390175",
                "[0.06590205 0.1049455  0.82915246]"
            ],
            [
                "0.00093438383",
                7,
                "X2 > 2.101",
                "0.030567693",
                "[0.47631034 0.0019537  0.521736  ]"
            ]
        ]
    }
}