{
    "dataset": "Uniform",
    "kmeans_centroids": [
        {
            "centroid": 0,
            "values": {
                "x": 2.4290129590385106,
                "y": 0.0
            },
            "prediction": "[0.86283225 0.13716772]",
            "class": "0",
            "rules": [
                {
                    "rule": "x > 2.010",
                    "mass_class_1": 0.824765145778656,
                    "mass_class_2": 0.0,
                    "uncertainty": 0.1752348691225052
                },
                {
                    "rule": "y = 0.0",
                    "mass_class_1": 0.1381806880235672,
                    "mass_class_2": 0.0500272698700428,
                    "uncertainty": 0.8117920160293579
                }
            ]
        },
        {
            "centroid": 1,
            "values": {
                "x": -2.4032357259661397,
                "y": 0.0
            },
            "prediction": "[0.15502045 0.8449795 ]",
            "class": "1",
            "rules": [
                {
                    "rule": "x < -1.791",
                    "mass_class_1": 0.0,
                    "mass_class_2": 0.8335638046264648,
                    "uncertainty": 0.16643622517585754
                },
                {
                    "rule": "y = 0.0",
                    "mass_class_1": 0.1381806880235672,
                    "mass_class_2": 0.0500272698700428,
                    "uncertainty": 0.8117920160293579
                }
            ]
        }
    ],
    "dsc_rules": {
        "0": [
            [
                "0.68023753",
                3,
                "x > 2.010",
                "0.82476515",
                "[0.82476515 0.         0.17523487]"
            ],
            [
                "0.63642436",
                2,
                "0.110 < x < 2.010",
                "0.7977621",
                "[0.7977621  0.         0.20223789]"
            ],
            [
                "0.026006708",
                4,
                "y = 0.0",
                "0.16126595",
                "[0.13818069 0.05002727 0.811792  ]"
            ]
        ],
        "1": [
            [
                "0.69875664",
                1,
                "-1.791 < x < 0.110",
                "0.83591664",
                "[0.         0.83591664 0.16408338]"
            ],
            [
                "0.6948286",
                0,
                "x < -1.791",
                "0.8335638",
                "[0.         0.8335638  0.16643623]"
            ],
            [
                "0.0094155315",
                4,
                "y = 0.0",
                "0.097033665",
                "[0.13818069 0.05002727 0.811792  ]"
            ]
        ]
    }
}