{
    "dataset": "WingNut",
    "kmeans_centroids": [
        {
            "centroid": 0,
            "values": {
                "X1": 0.9212998451676534,
                "X2": 1.0521627188856013
            },
            "prediction": "[0.8503185  0.14968146]",
            "class": "0",
            "rules": [
                {
                    "rule": "X1 > 0.740",
                    "mass_class_1": 0.7878318428993225,
                    "mass_class_2": 0.0,
                    "uncertainty": 0.2121681272983551
                },
                {
                    "rule": "0.899 < X2 < 1.500",
                    "mass_class_1": 0.19219492375850677,
                    "mass_class_2": 0.026355665177106857,
                    "uncertainty": 0.7814494371414185
                }
            ]
        },
        {
            "centroid": 1,
            "values": {
                "X1": -0.917679806483301,
                "X2": 1.9460776082121805
            },
            "prediction": "[0.13701928 0.8629807 ]",
            "class": "1",
            "rules": [
                {
                    "rule": "X1 < -0.740",
                    "mass_class_1": 0.0,
                    "mass_class_2": 0.8259530663490295,
                    "uncertainty": 0.17404690384864807
                },
                {
                    "rule": "1.500 < X2 < 2.101",
                    "mass_class_1": 0.06696286052465439,
                    "mass_class_2": 0.148836150765419,
                    "uncertainty": 0.7842010259628296
                }
            ]
        }
    ],
    "dsc_rules": {
        "0": [
            [
                "0.6206791",
                3,
                "X1 > 0.740",
                "0.7878319",
                "[0.78783184 0.         0.21216813]"
            ],
            [
                "0.4675309",
                2,
                "0.000 < X1 < 0.740",
                "0.6837623",
                "[0.6837623 0.        0.3162377]"
            ],
            [
                "0.3122859",
                4,
                "X2 < 0.899",
                "0.5588255",
                "[0.55882543 0.         0.44117454]"
            ],
            [
                "0.04200431",
                5,
                "0.899 < X2 < 1.500",
                "0.20494953",
                "[0.19219492 0.02635567 0.78144944]"
            ],
            [
                "0.014450517",
                6,
                "1.500 < X2 < 2.101",
                "0.120210305",
                "[0.06696286 0.14883615 0.784201  ]"
            ]
        ],
        "1": [
            [
                "0.6821985",
                0,
                "X1 < -0.740",
                "0.8259531",
                "[0.         0.82595307 0.1740469 ]"
            ],
            [
                "0.5020846",
                1,
                "-0.740 < X1 < 0.000",
                "0.7085793",
                "[0.        0.7085793 0.2914207]"
            ],
            [
                "0.24662955",
                7,
                "X2 > 2.101",
                "0.49661812",
                "[0.         0.49661812 0.5033819 ]"
            ],
            [
                "0.03211869",
                6,
                "1.500 < X2 < 2.101",
                "0.17921688",
                "[0.06696286 0.14883615 0.784201  ]"
            ],
            [
                "0.0057600453",
                5,
                "0.899 < X2 < 1.500",
                "0.07589496",
                "[0.19219492 0.02635567 0.78144944]"
            ]
        ]
    }
}