{
    "dataset": "TwoDiamonds",
    "kmeans_centroids": [
        {
            "centroid": 0,
            "values": {
                "X1": 3.0840872249999998,
                "X2": -0.0020558000000000095
            },
            "prediction": "[0.8594163  0.14058377]",
            "class": "0",
            "rules": [
                {
                    "rule": "X1 > 2.800",
                    "mass_class_1": 0.853578507900238,
                    "mass_class_2": 0.0,
                    "uncertainty": 0.14642149209976196
                },
                {
                    "rule": "-0.290 < X2 < 0.001",
                    "mass_class_1": 0.03734447807073593,
                    "mass_class_2": 0.13832364976406097,
                    "uncertainty": 0.8243318796157837
                }
            ]
        },
        {
            "centroid": 1,
            "values": {
                "X1": 1.0043701000000003,
                "X2": 0.0044222524999999934
            },
            "prediction": "[0.12216807 0.87783194]",
            "class": "1",
            "rules": [
                {
                    "rule": "X1 < 1.288",
                    "mass_class_1": 0.0,
                    "mass_class_2": 0.8501189351081848,
                    "uncertainty": 0.14988106489181519
                },
                {
                    "rule": "0.001 < X2 < 0.293",
                    "mass_class_1": 0.05988391116261482,
                    "mass_class_2": 0.1270667165517807,
                    "uncertainty": 0.8130493760108948
                }
            ]
        }
    ],
    "dsc_rules": {
        "0": [
            [
                "0.72859627",
                3,
                "X1 > 2.800",
                "0.8535785",
                "[0.8535785  0.         0.14642149]"
            ],
            [
                "0.6895287",
                2,
                "2.044 < X1 < 2.800",
                "0.83037865",
                "[0.83037865 0.         0.16962138]"
            ],
            [
                "0.013955257",
                4,
                "X2 < -0.290",
                "0.11813237",
                "[0.07606424 0.10740252 0.81653327]"
            ],
            [
                "0.013882053",
                7,
                "X2 > 0.293",
                "0.117822126",
                "[0.07426397 0.11266454 0.8130715 ]"
            ],
            [
                "0.011195335",
                6,
                "0.001 < X2 < 0.293",
                "0.105808005",
                "[0.05988391 0.12706672 0.8130494 ]"
            ],
            [
                "0.0065602344",
                5,
                "-0.290 < X2 < 0.001",
                "0.08099528",
                "[0.03734448 0.13832365 0.8243319 ]"
            ]
        ],
        "1": [
            [
                "0.7227022",
                0,
                "X1 < 1.288",
                "0.85011894",
                "[0.         0.85011894 0.14988106]"
            ],
            [
                "0.5753381",
                1,
                "1.288 < X1 < 2.044",
                "0.7585105",
                "[0.         0.7585105  0.24148956]"
            ],
            [
                "0.024299055",
                5,
                "-0.290 < X2 < 0.001",
                "0.15588154",
                "[0.03734448 0.13832365 0.8243319 ]"
            ],
            [
                "0.023755202",
                6,
                "0.001 < X2 < 0.293",
                "0.15412723",
                "[0.05988391 0.12706672 0.8130494 ]"
            ],
            [
                "0.021060215",
                7,
                "X2 > 0.293",
                "0.14512138",
                "[0.07426397 0.11266454 0.8130715 ]"
            ],
            [
                "0.019704789",
                4,
                "X2 < -0.290",
                "0.14037375",
                "[0.07606424 0.10740252 0.81653327]"
            ]
        ]
    }
}