{
    "dataset": "EngyTime",
    "kmeans_centroids": [
        {
            "centroid": 0,
            "values": {
                "X1": 1.9762026320185613,
                "X2": 2.952181438051044
            },
            "prediction": "[0.9545785  0.04542148]",
            "class": "0",
            "rules": [
                {
                    "rule": "X2 > 2.883",
                    "mass_class_1": 0.9520239233970642,
                    "mass_class_2": 0.0,
                    "uncertainty": 0.047976087778806686
                },
                {
                    "rule": "1.279 < X1 < 2.260",
                    "mass_class_1": 0.09706825017929077,
                    "mass_class_2": 0.08960451185703278,
                    "uncertainty": 0.8133272528648376
                }
            ]
        },
        {
            "centroid": 1,
            "values": {
                "X1": 0.5056138134981973,
                "X2": 0.3394013029366303
            },
            "prediction": "[0.03391212 0.96608794]",
            "class": "1",
            "rules": [
                {
                    "rule": "X2 < 0.545",
                    "mass_class_1": 0.0,
                    "mass_class_2": 0.9416426420211792,
                    "uncertainty": 0.05835733190178871
                },
                {
                    "rule": "0.299 < X1 < 1.279",
                    "mass_class_1": 0.0,
                    "mass_class_2": 0.3984900712966919,
                    "uncertainty": 0.6015099287033081
                }
            ]
        }
    ],
    "dsc_rules": {
        "0": [
            [
                "0.90634954",
                7,
                "X2 > 2.883",
                "0.9520239",
                "[0.9520239  0.         0.04797609]"
            ],
            [
                "0.78853774",
                3,
                "X1 > 2.260",
                "0.8879965",
                "[0.8879965  0.         0.11200354]"
            ],
            [
                "0.3054796",
                6,
                "1.714 < X2 < 2.883",
                "0.55270207",
                "[0.55270207 0.         0.44729796]"
            ],
            [
                "0.018119996",
                2,
                "1.279 < X1 < 2.260",
                "0.13461053",
                "[0.09706825 0.08960451 0.81332725]"
            ]
        ],
        "1": [
            [
                "0.88669086",
                4,
                "X2 < 0.545",
                "0.94164264",
                "[0.         0.94164264 0.05835733]"
            ],
            [
                "0.6536795",
                0,
                "X1 < 0.299",
                "0.80850446",
                "[0.         0.80850446 0.19149554]"
            ],
            [
                "0.48740217",
                5,
                "0.545 < X2 < 1.714",
                "0.69814193",
                "[0.         0.69814193 0.3018581 ]"
            ],
            [
                "0.15879434",
                1,
                "0.299 < X1 < 1.279",
                "0.39849007",
                "[0.         0.39849007 0.6015099 ]"
            ],
            [
                "0.016726721",
                2,
                "1.279 < X1 < 2.260",
                "0.12933183",
                "[0.09706825 0.08960451 0.81332725]"
            ]
        ]
    }
}