{
    "dataset": "Uniform",
    "kmeans_centroids": [
        {
            "centroid": 0,
            "values": {
                "x": 2.4290129590385106,
                "y": 0.0
            },
            "prediction": "[0.84231603 0.157684  ]",
            "class": "0",
            "rules": [
                {
                    "rule": "x > 2.010",
                    "mass_class_1": 0.8211783170700073,
                    "mass_class_2": 0.0,
                    "uncertainty": 0.1788216531276703
                },
                {
                    "rule": "y = 0.0",
                    "mass_class_1": 0.07205134630203247,
                    "mass_class_2": 0.11359642446041107,
                    "uncertainty": 0.8143522143363953
                }
            ]
        },
        {
            "centroid": 1,
            "values": {
                "x": -2.4032357259661397,
                "y": 0.0
            },
            "prediction": "[0.14334646 0.8566536 ]",
            "class": "1",
            "rules": [
                {
                    "rule": "x < -1.791",
                    "mass_class_1": 0.0,
                    "mass_class_2": 0.8248241543769836,
                    "uncertainty": 0.17517584562301636
                },
                {
                    "rule": "y = 0.0",
                    "mass_class_1": 0.07205134630203247,
                    "mass_class_2": 0.11359642446041107,
                    "uncertainty": 0.8143522143363953
                }
            ]
        }
    ],
    "dsc_rules": {
        "0": [
            [
                "0.7203382",
                2,
                "0.110 < x < 2.010",
                "0.8487274",
                "[0.8487274 0.        0.1512726]"
            ],
            [
                "0.6743338",
                3,
                "x > 2.010",
                "0.8211783",
                "[0.8211783  0.         0.17882165]"
            ],
            [
                "0.013376173",
                4,
                "y = 0.0",
                "0.11565541",
                "[0.07205135 0.11359642 0.8143522 ]"
            ]
        ],
        "1": [
            [
                "0.68033487",
                0,
                "x < -1.791",
                "0.82482415",
                "[0.         0.82482415 0.17517585]"
            ],
            [
                "0.5777511",
                1,
                "-1.791 < x < 0.110",
                "0.7600994",
                "[0.         0.7600994  0.23990057]"
            ],
            [
                "0.021088924",
                4,
                "y = 0.0",
                "0.14522026",
                "[0.07205135 0.11359642 0.8143522 ]"
            ]
        ]
    }
}