{
    "dataset": "EngyTime",
    "kmeans_centroids": [
        {
            "centroid": 0,
            "values": {
                "X1": 0.5118546666666672,
                "X2": 0.3412117236774519
            },
            "prediction": "[0.95483583 0.04516413]",
            "class": "0",
            "rules": [
                {
                    "rule": "X2 < 0.545",
                    "mass_class_1": 0.9027889966964722,
                    "mass_class_2": 0.0,
                    "uncertainty": 0.09721098095178604
                },
                {
                    "rule": "0.299 < X1 < 1.279",
                    "mass_class_1": 0.5134251713752747,
                    "mass_class_2": 0.0,
                    "uncertainty": 0.48657482862472534
                }
            ]
        },
        {
            "centroid": 1,
            "values": {
                "X1": 1.974654280130293,
                "X2": 2.957836064215914
            },
            "prediction": "[0.03665498 0.96334505]",
            "class": "1",
            "rules": [
                {
                    "rule": "X2 > 2.883",
                    "mass_class_1": 0.0,
                    "mass_class_2": 0.967738926410675,
                    "uncertainty": 0.03226107731461525
                },
                {
                    "rule": "1.279 < X1 < 2.260",
                    "mass_class_1": 0.17012226581573486,
                    "mass_class_2": 0.021217279136180878,
                    "uncertainty": 0.8086604475975037
                }
            ]
        }
    ],
    "dsc_rules": {
        "0": [
            [
                "0.81502795",
                4,
                "X2 < 0.545",
                "0.902789",
                "[0.902789   0.         0.09721098]"
            ],
            [
                "0.6568071",
                0,
                "X1 < 0.299",
                "0.81043637",
                "[0.81043637 0.         0.1895636 ]"
            ],
            [
                "0.40369824",
                5,
                "0.545 < X2 < 1.714",
                "0.6353725",
                "[0.6353725  0.         0.36462745]"
            ],
            [
                "0.26360542",
                1,
                "0.299 < X1 < 1.279",
                "0.5134252",
                "[0.5134252  0.         0.48657483]"
            ],
            [
                "0.032551117",
                2,
                "1.279 < X1 < 2.260",
                "0.18041928",
                "[0.17012227 0.02121728 0.80866045]"
            ]
        ],
        "1": [
            [
                "0.9365186",
                7,
                "X2 > 2.883",
                "0.9677389",
                "[0.         0.9677389  0.03226108]"
            ],
            [
                "0.6961612",
                3,
                "X1 > 2.260",
                "0.83436275",
                "[0.         0.83436275 0.16563727]"
            ],
            [
                "0.35005665",
                6,
                "1.714 < X2 < 2.883",
                "0.59165585",
                "[0.         0.59165585 0.40834418]"
            ],
            [
                "0.0040597045",
                2,
                "1.279 < X1 < 2.260",
                "0.06371581",
                "[0.17012227 0.02121728 0.80866045]"
            ]
        ]
    }
}