{
    "dataset": "TwoDiamonds",
    "kmeans_centroids": [
        {
            "centroid": 0,
            "values": {
                "X1": 3.0840872249999998,
                "X2": -0.0020558000000000095
            },
            "prediction": "[0.85862327 0.14137667]",
            "class": "0",
            "rules": [
                {
                    "rule": "X1 > 2.800",
                    "mass_class_1": 0.8124350309371948,
                    "mass_class_2": 0.0,
                    "uncertainty": 0.18756498396396637
                },
                {
                    "rule": "-0.290 < X2 < 0.001",
                    "mass_class_1": 0.1505848467350006,
                    "mass_class_2": 0.03239813819527626,
                    "uncertainty": 0.8170170187950134
                }
            ]
        },
        {
            "centroid": 1,
            "values": {
                "X1": 1.0043701000000003,
                "X2": 0.0044222524999999934
            },
            "prediction": "[0.14459969 0.85540026]",
            "class": "1",
            "rules": [
                {
                    "rule": "X1 < 1.288",
                    "mass_class_1": 0.0,
                    "mass_class_2": 0.8563912510871887,
                    "uncertainty": 0.1436087191104889
                },
                {
                    "rule": "0.001 < X2 < 0.293",
                    "mass_class_1": 0.1617235690355301,
                    "mass_class_2": 0.013256220147013664,
                    "uncertainty": 0.8250201940536499
                }
            ]
        }
    ],
    "dsc_rules": {
        "0": [
            [
                "0.6600507",
                3,
                "X1 > 2.800",
                "0.81243503",
                "[0.81243503 0.         0.18756498]"
            ],
            [
                "0.59009045",
                2,
                "2.044 < X1 < 2.800",
                "0.76817346",
                "[0.76817346 0.         0.23182654]"
            ],
            [
                "0.03347088",
                4,
                "X2 < -0.290",
                "0.18295048",
                "[0.17403421 0.01828935 0.80767643]"
            ],
            [
                "0.030582994",
                7,
                "X2 > 0.293",
                "0.17487994",
                "[0.16379239 0.02292568 0.81328195]"
            ],
            [
                "0.02829836",
                6,
                "0.001 < X2 < 0.293",
                "0.16822116",
                "[0.16172357 0.01325622 0.8250202 ]"
            ],
            [
                "0.027554464",
                5,
                "-0.290 < X2 < 0.001",
                "0.16599537",
                "[0.15058485 0.03239814 0.817017  ]"
            ]
        ],
        "1": [
            [
                "0.733406",
                0,
                "X1 < 1.288",
                "0.85639125",
                "[0.         0.85639125 0.14360872]"
            ],
            [
                "0.71834195",
                1,
                "1.288 < X1 < 2.044",
                "0.8475506",
                "[0.         0.8475506  0.15244946]"
            ],
            [
                "0.005928308",
                5,
                "-0.290 < X2 < 0.001",
                "0.07699551",
                "[0.15058485 0.03239814 0.817017  ]"
            ],
            [
                "0.004280638",
                7,
                "X2 > 0.293",
                "0.06542659",
                "[0.16379239 0.02292568 0.81328195]"
            ],
            [
                "0.003517473",
                4,
                "X2 < -0.290",
                "0.059308287",
                "[0.17403421 0.01828935 0.80767643]"
            ],
            [
                "0.0023195709",
                6,
                "0.001 < X2 < 0.293",
                "0.048161924",
                "[0.16172357 0.01325622 0.8250202 ]"
            ]
        ]
    }
}