{
    "dataset": "EngyTime",
    "kmeans_centroids": [
        {
            "centroid": 0,
            "values": {
                "X1": 0.5047955701030933,
                "X2": 0.33897749278350453
            },
            "prediction": "[0.9441189  0.05588102]",
            "class": "0",
            "rules": [
                {
                    "rule": "X2 < 0.545",
                    "mass_class_1": 0.8828132748603821,
                    "mass_class_2": 0.0,
                    "uncertainty": 0.11718675494194031
                },
                {
                    "rule": "0.299 < X1 < 1.279",
                    "mass_class_1": 0.4949212074279785,
                    "mass_class_2": 0.0,
                    "uncertainty": 0.5050787925720215
                }
            ]
        },
        {
            "centroid": 1,
            "values": {
                "X1": 1.9762568079777365,
                "X2": 2.9513509239332096
            },
            "prediction": "[0.04937316 0.95062685]",
            "class": "1",
            "rules": [
                {
                    "rule": "X2 > 2.883",
                    "mass_class_1": 0.0,
                    "mass_class_2": 0.9551514387130737,
                    "uncertainty": 0.04484855383634567
                },
                {
                    "rule": "1.279 < X1 < 2.260",
                    "mass_class_1": 0.1587817221879959,
                    "mass_class_2": 0.02581573836505413,
                    "uncertainty": 0.8154025077819824
                }
            ]
        }
    ],
    "dsc_rules": {
        "0": [
            [
                "0.7793592",
                4,
                "X2 < 0.545",
                "0.8828132",
                "[0.8828133  0.         0.11718675]"
            ],
            [
                "0.6589308",
                0,
                "X1 < 0.299",
                "0.8117455",
                "[0.8117455  0.         0.18825446]"
            ],
            [
                "0.41857746",
                5,
                "0.545 < X2 < 1.714",
                "0.64697564",
                "[0.64697564 0.         0.35302436]"
            ],
            [
                "0.244947",
                1,
                "0.299 < X1 < 1.279",
                "0.4949212",
                "[0.4949212 0.        0.5050788]"
            ],
            [
                "0.029310707",
                2,
                "1.279 < X1 < 2.260",
                "0.1712037",
                "[0.15878172 0.02581574 0.8154025 ]"
            ]
        ],
        "1": [
            [
                "0.9123143",
                7,
                "X2 > 2.883",
                "0.95515144",
                "[0.         0.95515144 0.04484855]"
            ],
            [
                "0.7097132",
                3,
                "X1 > 2.260",
                "0.8424448",
                "[0.         0.8424448  0.15755524]"
            ],
            [
                "0.33890125",
                6,
                "1.714 < X2 < 2.883",
                "0.58215225",
                "[0.         0.58215225 0.41784775]"
            ],
            [
                "0.0047655203",
                2,
                "1.279 < X1 < 2.260",
                "0.06903275",
                "[0.15878172 0.02581574 0.8154025 ]"
            ]
        ]
    }
}