{
    "dataset": "WingNut",
    "kmeans_centroids": [
        {
            "centroid": 0,
            "values": {
                "X1": -0.9212998451676533,
                "X2": 1.947837283195266
            },
            "prediction": "[0.83432764 0.16567235]",
            "class": "0",
            "rules": [
                {
                    "rule": "X1 < -0.740",
                    "mass_class_1": 0.8010502457618713,
                    "mass_class_2": 0.0,
                    "uncertainty": 0.19894972443580627
                },
                {
                    "rule": "1.500 < X2 < 2.101",
                    "mass_class_1": 0.09190863370895386,
                    "mass_class_2": 0.09017161279916763,
                    "uncertainty": 0.8179196715354919
                }
            ]
        },
        {
            "centroid": 1,
            "values": {
                "X1": 0.9176798064833009,
                "X2": 1.0539223938605107
            },
            "prediction": "[0.13420506 0.8657949 ]",
            "class": "1",
            "rules": [
                {
                    "rule": "X1 > 0.740",
                    "mass_class_1": 0.0,
                    "mass_class_2": 0.7987088561058044,
                    "uncertainty": 0.20129114389419556
                },
                {
                    "rule": "0.899 < X2 < 1.500",
                    "mass_class_1": 0.006244398653507233,
                    "mass_class_2": 0.23474042117595673,
                    "uncertainty": 0.7590152025222778
                }
            ]
        }
    ],
    "dsc_rules": {
        "0": [
            [
                "0.64168155",
                0,
                "X1 < -0.740",
                "0.8010503",
                "[0.80105025 0.         0.19894972]"
            ],
            [
                "0.6154176",
                1,
                "-0.740 < X1 < 0.000",
                "0.7844856",
                "[0.7844856  0.         0.21551442]"
            ],
            [
                "0.27210024",
                7,
                "X2 > 2.101",
                "0.5216323",
                "[0.52163225 0.         0.47836772]"
            ],
            [
                "0.016734755",
                6,
                "1.500 < X2 < 2.101",
                "0.12936288",
                "[0.09190863 0.09017161 0.8179197 ]"
            ],
            [
                "0.0015048052",
                5,
                "0.899 < X2 < 1.500",
                "0.038791817",
                "[0.0062444  0.23474042 0.7590152 ]"
            ]
        ],
        "1": [
            [
                "0.6379358",
                3,
                "X1 > 0.740",
                "0.79870886",
                "[0.         0.79870886 0.20129114]"
            ],
            [
                "0.42483863",
                2,
                "0.000 < X1 < 0.740",
                "0.65179646",
                "[0.         0.65179646 0.34820354]"
            ],
            [
                "0.31781363",
                4,
                "X2 < 0.899",
                "0.5637496",
                "[0.        0.5637496 0.4362504]"
            ],
            [
                "0.056568872",
                5,
                "0.899 < X2 < 1.500",
                "0.23784211",
                "[0.0062444  0.23474042 0.7590152 ]"
            ],
            [
                "0.016418478",
                6,
                "1.500 < X2 < 2.101",
                "0.12813461",
                "[0.09190863 0.09017161 0.8179197 ]"
            ]
        ]
    }
}