{
    "dataset": "Rectangle",
    "kmeans_centroids": [
        {
            "centroid": 0,
            "values": {
                "x": 0.00419824629615826,
                "y": -0.5865640830423053
            },
            "prediction": "[0.8690933  0.13090676]",
            "class": "0",
            "rules": [
                {
                    "rule": "y < -0.441",
                    "mass_class_1": 0.854799211025238,
                    "mass_class_2": 0.0,
                    "uncertainty": 0.14520075917243958
                },
                {
                    "rule": "-0.021 < x < 0.371",
                    "mass_class_1": 0.06993736326694489,
                    "mass_class_2": 0.10342748463153839,
                    "uncertainty": 0.8266351222991943
                }
            ]
        },
        {
            "centroid": 1,
            "values": {
                "x": -0.04633624711765774,
                "y": 0.5759678248423153
            },
            "prediction": "[0.1625866 0.8374134]",
            "class": "1",
            "rules": [
                {
                    "rule": "y > 0.410",
                    "mass_class_1": 0.0,
                    "mass_class_2": 0.768538773059845,
                    "uncertainty": 0.23146122694015503
                },
                {
                    "rule": "-0.412 < x < -0.021",
                    "mass_class_1": 0.014436754398047924,
                    "mass_class_2": 0.17329402267932892,
                    "uncertainty": 0.8122692108154297
                }
            ]
        }
    ],
    "dsc_rules": {
        "0": [
            [
                "0.7306817",
                4,
                "y < -0.441",
                "0.8547992",
                "[0.8547992  0.         0.14520076]"
            ],
            [
                "0.67593795",
                5,
                "-0.441 < y < -0.016",
                "0.82215446",
                "[0.82215446 0.         0.17784552]"
            ],
            [
                "0.012124683",
                2,
                "-0.021 < x < 0.371",
                "0.11011214",
                "[0.06993736 0.10342748 0.8266351 ]"
            ],
            [
                "0.0061458275",
                3,
                "x > 0.371",
                "0.07839533",
                "[0.03286157 0.15416013 0.81297827]"
            ],
            [
                "0.0027102232",
                1,
                "-0.412 < x < -0.021",
                "0.052059803",
                "[0.01443675 0.17329402 0.8122692 ]"
            ]
        ],
        "1": [
            [
                "0.6605604",
                6,
                "-0.016 < y < 0.410",
                "0.8127487",
                "[0.         0.8127487  0.18725134]"
            ],
            [
                "0.59065187",
                7,
                "y > 0.410",
                "0.7685388",
                "[0.         0.7685388  0.23146123]"
            ],
            [
                "0.032532625",
                1,
                "-0.412 < x < -0.021",
                "0.18036802",
                "[0.01443675 0.17329402 0.8122692 ]"
            ],
            [
                "0.030737199",
                0,
                "x < -0.412",
                "0.17532028",
                "[0.         0.17532028 0.82467973]"
            ],
            [
                "0.028831294",
                3,
                "x > 0.371",
                "0.16979781",
                "[0.03286157 0.15416013 0.81297827]"
            ],
            [
                "0.017930694",
                2,
                "-0.021 < x < 0.371",
                "0.13390554",
                "[0.06993736 0.10342748 0.8266351 ]"
            ]
        ]
    }
}