{
    "dataset": "EngyTime",
    "kmeans_centroids": [
        {
            "centroid": 0,
            "values": {
                "X1": 1.9762026320185613,
                "X2": 2.952181438051044
            },
            "prediction": "[0.9714512  0.02854874]",
            "class": "0",
            "rules": [
                {
                    "rule": "X2 > 2.883",
                    "mass_class_1": 0.9764347672462463,
                    "mass_class_2": 0.0,
                    "uncertainty": 0.023565219715237617
                },
                {
                    "rule": "1.279 < X1 < 2.260",
                    "mass_class_1": 0.0025574001483619213,
                    "mass_class_2": 0.2001778930425644,
                    "uncertainty": 0.7972646951675415
                }
            ]
        },
        {
            "centroid": 1,
            "values": {
                "X1": 0.5056138134981972,
                "X2": 0.3394013029366303
            },
            "prediction": "[0.04911908 0.95088094]",
            "class": "1",
            "rules": [
                {
                    "rule": "X2 < 0.545",
                    "mass_class_1": 0.0,
                    "mass_class_2": 0.884879469871521,
                    "uncertainty": 0.11512050032615662
                },
                {
                    "rule": "0.299 < X1 < 1.279",
                    "mass_class_1": 0.0,
                    "mass_class_2": 0.55128413438797,
                    "uncertainty": 0.44871586561203003
                }
            ]
        }
    ],
    "dsc_rules": {
        "0": [
            [
                "0.9534249",
                7,
                "X2 > 2.883",
                "0.97643477",
                "[0.97643477 0.         0.02356522]"
            ],
            [
                "0.6981498",
                3,
                "X1 > 2.260",
                "0.8355536",
                "[0.8355536  0.         0.16444641]"
            ],
            [
                "0.3814046",
                6,
                "1.714 < X2 < 2.883",
                "0.61757964",
                "[0.61757964 0.         0.38242036]"
            ],
            [
                "0.0005184753",
                2,
                "1.279 < X1 < 2.260",
                "0.022770053",
                "[0.0025574 0.2001779 0.7972647]"
            ]
        ],
        "1": [
            [
                "0.7830117",
                4,
                "X2 < 0.545",
                "0.88487947",
                "[0.         0.88487947 0.1151205 ]"
            ],
            [
                "0.6895675",
                0,
                "X1 < 0.299",
                "0.830402",
                "[0.         0.830402   0.16959797]"
            ],
            [
                "0.38346696",
                5,
                "0.545 < X2 < 1.714",
                "0.6192471",
                "[0.        0.6192471 0.3807529]"
            ],
            [
                "0.3039142",
                1,
                "0.299 < X1 < 1.279",
                "0.55128413",
                "[0.         0.55128413 0.44871587]"
            ],
            [
                "0.040583126",
                2,
                "1.279 < X1 < 2.260",
                "0.20145254",
                "[0.0025574 0.2001779 0.7972647]"
            ]
        ]
    }
}