{
    "dataset": "Rectangle",
    "kmeans_centroids": [
        {
            "centroid": 0,
            "values": {
                "x": 0.004198246296158267,
                "y": -0.5865640830423052
            },
            "prediction": "[0.8528343  0.14716572]",
            "class": "0",
            "rules": [
                {
                    "rule": "y < -0.441",
                    "mass_class_1": 0.8539878129959106,
                    "mass_class_2": 0.0,
                    "uncertainty": 0.14601217210292816
                },
                {
                    "rule": "-0.021 < x < 0.371",
                    "mass_class_1": 0.004678806755691767,
                    "mass_class_2": 0.15780958533287048,
                    "uncertainty": 0.8375115990638733
                }
            ]
        },
        {
            "centroid": 1,
            "values": {
                "x": -0.046336247117657735,
                "y": 0.5759678248423153
            },
            "prediction": "[0.1694195 0.8305805]",
            "class": "1",
            "rules": [
                {
                    "rule": "y > 0.410",
                    "mass_class_1": 0.0,
                    "mass_class_2": 0.7247223854064941,
                    "uncertainty": 0.27527761459350586
                },
                {
                    "rule": "-0.412 < x < -0.021",
                    "mass_class_1": 0.0,
                    "mass_class_2": 0.25901272892951965,
                    "uncertainty": 0.7409873008728027
                }
            ]
        }
    ],
    "dsc_rules": {
        "0": [
            [
                "0.7582037",
                5,
                "-0.441 < y < -0.016",
                "0.87074894",
                "[0.87074894 0.         0.12925106]"
            ],
            [
                "0.7292952",
                4,
                "y < -0.441",
                "0.8539878",
                "[0.8539878  0.         0.14601217]"
            ],
            [
                "0.00076025183",
                2,
                "-0.021 < x < 0.371",
                "0.027572665",
                "[0.00467881 0.15780959 0.8375116 ]"
            ]
        ],
        "1": [
            [
                "0.6051952",
                6,
                "-0.016 < y < 0.410",
                "0.77794296",
                "[0.         0.77794296 0.22205704]"
            ],
            [
                "0.52522254",
                7,
                "y > 0.410",
                "0.7247224",
                "[0.        0.7247224 0.2752776]"
            ],
            [
                "0.07332667",
                0,
                "x < -0.412",
                "0.27078897",
                "[0.         0.270789   0.72921103]"
            ],
            [
                "0.06708758",
                1,
                "-0.412 < x < -0.021",
                "0.2590127",
                "[0.         0.25901273 0.7409873 ]"
            ],
            [
                "0.04916306",
                3,
                "x > 0.371",
                "0.22172745",
                "[0.         0.22172745 0.77827257]"
            ],
            [
                "0.025642227",
                2,
                "-0.021 < x < 0.371",
                "0.1601319",
                "[0.00467881 0.15780959 0.8375116 ]"
            ]
        ]
    }
}