{
    "dataset": "EngyTime",
    "kmeans_centroids": [
        {
            "centroid": 0,
            "values": {
                "X1": 0.5102677734976891,
                "X2": 0.3421017205957879
            },
            "prediction": "[0.9507716  0.04922841]",
            "class": "0",
            "rules": [
                {
                    "rule": "X2 < 0.545",
                    "mass_class_1": 0.8960998058319092,
                    "mass_class_2": 0.0,
                    "uncertainty": 0.10390020906925201
                },
                {
                    "rule": "0.299 < X1 < 1.279",
                    "mass_class_1": 0.5016629695892334,
                    "mass_class_2": 0.0,
                    "uncertainty": 0.498337060213089
                }
            ]
        },
        {
            "centroid": 1,
            "values": {
                "X1": 1.9760920097719867,
                "X2": 2.9570297245230335
            },
            "prediction": "[0.04603948 0.95396054]",
            "class": "1",
            "rules": [
                {
                    "rule": "X2 > 2.883",
                    "mass_class_1": 0.0,
                    "mass_class_2": 0.9590189456939697,
                    "uncertainty": 0.040981072932481766
                },
                {
                    "rule": "1.279 < X1 < 2.260",
                    "mass_class_1": 0.1693251132965088,
                    "mass_class_2": 0.021754737943410873,
                    "uncertainty": 0.80892014503479
                }
            ]
        }
    ],
    "dsc_rules": {
        "0": [
            [
                "0.80299485",
                4,
                "X2 < 0.545",
                "0.8960998",
                "[0.8960998  0.         0.10390021]"
            ],
            [
                "0.6845033",
                0,
                "X1 < 0.299",
                "0.82734716",
                "[0.82734716 0.         0.17265284]"
            ],
            [
                "0.40908563",
                5,
                "0.545 < X2 < 1.714",
                "0.639598",
                "[0.639598   0.         0.36040202]"
            ],
            [
                "0.25166574",
                1,
                "0.299 < X1 < 1.279",
                "0.50166297",
                "[0.50166297 0.         0.49833706]"
            ],
            [
                "0.03235462",
                2,
                "1.279 < X1 < 2.260",
                "0.1798739",
                "[0.16932511 0.02175474 0.80892015]"
            ]
        ],
        "1": [
            [
                "0.9197173",
                7,
                "X2 > 2.883",
                "0.95901895",
                "[0.         0.95901895 0.04098107]"
            ],
            [
                "0.7065496",
                3,
                "X1 > 2.260",
                "0.840565",
                "[0.         0.840565   0.15943499]"
            ],
            [
                "0.37096754",
                6,
                "1.714 < X2 < 2.883",
                "0.609071",
                "[0.         0.6090711  0.39092895]"
            ],
            [
                "0.004156892",
                2,
                "1.279 < X1 < 2.260",
                "0.064473964",
                "[0.16932511 0.02175474 0.80892015]"
            ]
        ]
    }
}