{
    "dataset": "Rectangle",
    "kmeans_centroids": [
        {
            "centroid": 0,
            "values": {
                "x": 0.00419824629615826,
                "y": -0.5865640830423052
            },
            "prediction": "[0.85990053 0.14009948]",
            "class": "0",
            "rules": [
                {
                    "rule": "y < -0.441",
                    "mass_class_1": 0.7915431261062622,
                    "mass_class_2": 0.0,
                    "uncertainty": 0.2084568440914154
                },
                {
                    "rule": "-0.021 < x < 0.371",
                    "mass_class_1": 0.2252221554517746,
                    "mass_class_2": 0.00870016124099493,
                    "uncertainty": 0.7660776972770691
                }
            ]
        },
        {
            "centroid": 1,
            "values": {
                "x": -0.046336247117657735,
                "y": 0.5759678248423153
            },
            "prediction": "[0.15339915 0.84660083]",
            "class": "1",
            "rules": [
                {
                    "rule": "y > 0.410",
                    "mass_class_1": 0.0,
                    "mass_class_2": 0.8394656181335449,
                    "uncertainty": 0.16053438186645508
                },
                {
                    "rule": "-0.412 < x < -0.021",
                    "mass_class_1": 0.1426984965801239,
                    "mass_class_2": 0.032368969172239304,
                    "uncertainty": 0.8249325156211853
                }
            ]
        }
    ],
    "dsc_rules": {
        "0": [
            [
                "0.62654054",
                4,
                "y < -0.441",
                "0.7915431",
                "[0.7915431  0.         0.20845684]"
            ],
            [
                "0.60270286",
                5,
                "-0.441 < y < -0.016",
                "0.7763394",
                "[0.77633935 0.         0.22366062]"
            ],
            [
                "0.052684486",
                2,
                "-0.021 < x < 0.371",
                "0.22953102",
                "[0.22522216 0.00870016 0.7660777 ]"
            ],
            [
                "0.032069284",
                3,
                "x > 0.371",
                "0.179079",
                "[0.17032062 0.01796713 0.81171227]"
            ],
            [
                "0.025894148",
                0,
                "x < -0.412",
                "0.16091658",
                "[0.14019796 0.0444991  0.81530297]"
            ],
            [
                "0.024981868",
                1,
                "-0.412 < x < -0.021",
                "0.15805653",
                "[0.1426985  0.03236897 0.8249325 ]"
            ]
        ],
        "1": [
            [
                "0.71021485",
                6,
                "-0.016 < y < 0.410",
                "0.84274244",
                "[0.         0.84274244 0.15725757]"
            ],
            [
                "0.7047025",
                7,
                "y > 0.410",
                "0.8394656",
                "[0.         0.8394656  0.16053438]"
            ],
            [
                "0.008218852",
                0,
                "x < -0.412",
                "0.09065788",
                "[0.14019796 0.0444991  0.81530297]"
            ],
            [
                "0.005666754",
                1,
                "-0.412 < x < -0.021",
                "0.07527785",
                "[0.1426985  0.03236897 0.8249325 ]"
            ],
            [
                "0.0033829901",
                3,
                "x > 0.371",
                "0.05816348",
                "[0.17032062 0.01796713 0.81171227]"
            ],
            [
                "0.0020351617",
                2,
                "-0.021 < x < 0.371",
                "0.045112766",
                "[0.22522216 0.00870016 0.7660777 ]"
            ]
        ]
    }
}