{
    "dataset": "TwoDiamonds",
    "kmeans_centroids": [
        {
            "centroid": 0,
            "values": {
                "X1": 3.084087225,
                "X2": -0.0020558000000000095
            },
            "prediction": "[0.82588816 0.1741119 ]",
            "class": "0",
            "rules": [
                {
                    "rule": "X1 > 2.800",
                    "mass_class_1": 0.8157180547714233,
                    "mass_class_2": 0.0,
                    "uncertainty": 0.18428196012973785
                },
                {
                    "rule": "-0.290 < X2 < 0.001",
                    "mass_class_1": 0.027268819510936737,
                    "mass_class_2": 0.1497073471546173,
                    "uncertainty": 0.823023796081543
                }
            ]
        },
        {
            "centroid": 1,
            "values": {
                "X1": 1.0043701000000003,
                "X2": 0.0044222524999999934
            },
            "prediction": "[0.16729426 0.83270574]",
            "class": "1",
            "rules": [
                {
                    "rule": "X1 < 1.288",
                    "mass_class_1": 0.0,
                    "mass_class_2": 0.7820556163787842,
                    "uncertainty": 0.21794438362121582
                },
                {
                    "rule": "0.001 < X2 < 0.293",
                    "mass_class_1": 0.05531548336148262,
                    "mass_class_2": 0.12917563319206238,
                    "uncertainty": 0.8155089020729065
                }
            ]
        }
    ],
    "dsc_rules": {
        "0": [
            [
                "0.73730487",
                2,
                "2.044 < X1 < 2.800",
                "0.8586646",
                "[0.8586646  0.         0.14133543]"
            ],
            [
                "0.6653959",
                3,
                "X1 > 2.800",
                "0.81571805",
                "[0.81571805 0.         0.18428196]"
            ],
            [
                "0.010643867",
                4,
                "X2 < -0.290",
                "0.10316912",
                "[0.05750088 0.127607   0.8148921 ]"
            ],
            [
                "0.010205214",
                6,
                "0.001 < X2 < 0.293",
                "0.10102086",
                "[0.05531548 0.12917563 0.8155089 ]"
            ],
            [
                "0.009984484",
                7,
                "X2 > 0.293",
                "0.09992239",
                "[0.05335226 0.13379043 0.81285733]"
            ],
            [
                "0.004825932",
                5,
                "-0.290 < X2 < 0.001",
                "0.06946893",
                "[0.02726882 0.14970735 0.8230238 ]"
            ]
        ],
        "1": [
            [
                "0.65990657",
                1,
                "1.288 < X1 < 2.044",
                "0.81234634",
                "[0.         0.81234634 0.18765365]"
            ],
            [
                "0.611611",
                0,
                "X1 < 1.288",
                "0.7820556",
                "[0.         0.7820556  0.21794438]"
            ],
            [
                "0.026494637",
                5,
                "-0.290 < X2 < 0.001",
                "0.16277173",
                "[0.02726882 0.14970735 0.8230238 ]"
            ],
            [
                "0.0250379",
                7,
                "X2 > 0.293",
                "0.15823369",
                "[0.05335226 0.13379043 0.81285733]"
            ],
            [
                "0.023831755",
                6,
                "0.001 < X2 < 0.293",
                "0.15437537",
                "[0.05531548 0.12917563 0.8155089 ]"
            ],
            [
                "0.023621062",
                4,
                "X2 < -0.290",
                "0.15369146",
                "[0.05750088 0.127607   0.8148921 ]"
            ]
        ]
    }
}