{
    "dataset": "Gaussian",
    "kmeans_centroids": [
        {
            "centroid": 0,
            "values": {
                "x": 1.1928591125867567,
                "y": 0.18145611956065327
            },
            "prediction": "[0.9137152  0.08628484]",
            "class": "0",
            "rules": [
                {
                    "rule": "y < 0.247",
                    "mass_class_1": 0.6952324509620667,
                    "mass_class_2": 0.0,
                    "uncertainty": 0.30476754903793335
                },
                {
                    "rule": "x > 1.067",
                    "mass_class_1": 0.6901475787162781,
                    "mass_class_2": 0.0,
                    "uncertainty": 0.3098524510860443
                }
            ]
        },
        {
            "centroid": 1,
            "values": {
                "x": 0.17778860369263239,
                "y": 0.9035088808842218
            },
            "prediction": "[0.06782366 0.9321763 ]",
            "class": "1",
            "rules": [
                {
                    "rule": "x < 0.304",
                    "mass_class_1": 0.0,
                    "mass_class_2": 0.7784913182258606,
                    "uncertainty": 0.2215086966753006
                },
                {
                    "rule": "y > 0.838",
                    "mass_class_1": 0.0,
                    "mass_class_2": 0.6715325713157654,
                    "uncertainty": 0.328467458486557
                }
            ]
        }
    ],
    "dsc_rules": {
        "0": [
            [
                "0.48334816",
                4,
                "y < 0.247",
                "0.69523245",
                "[0.69523245 0.         0.30476755]"
            ],
            [
                "0.47630364",
                3,
                "x > 1.067",
                "0.6901475",
                "[0.6901476  0.         0.30985245]"
            ],
            [
                "0.43408954",
                2,
                "0.685 < x < 1.067",
                "0.6588547",
                "[0.6588547 0.        0.3411453]"
            ],
            [
                "0.24923241",
                5,
                "0.247 < y < 0.542",
                "0.49923182",
                "[0.4988582  0.00074752 0.5003943 ]"
            ],
            [
                "0.0014318926",
                6,
                "0.542 < y < 0.838",
                "0.03784036",
                "[0.00313926 0.45298567 0.5438751 ]"
            ]
        ],
        "1": [
            [
                "0.6060487",
                0,
                "x < 0.304",
                "0.7784913",
                "[0.        0.7784913 0.2215087]"
            ],
            [
                "0.45095596",
                7,
                "y > 0.838",
                "0.6715326",
                "[0.         0.6715326  0.32846746]"
            ],
            [
                "0.39138126",
                1,
                "0.304 < x < 0.685",
                "0.6256047",
                "[0.         0.6256047  0.37439528]"
            ],
            [
                "0.20661804",
                6,
                "0.542 < y < 0.838",
                "0.45455256",
                "[0.00313926 0.45298567 0.5438751 ]"
            ],
            [
                "0.00037346772",
                5,
                "0.247 < y < 0.542",
                "0.019325312",
                "[0.4988582  0.00074752 0.5003943 ]"
            ]
        ]
    }
}