{
    "dataset": "Gaussian",
    "kmeans_centroids": [
        {
            "centroid": 0,
            "values": {
                "x": 1.1928591125867567,
                "y": 0.18145611956065327
            },
            "prediction": "[0.92552453 0.07447553]",
            "class": "0",
            "rules": [
                {
                    "rule": "x > 1.067",
                    "mass_class_1": 0.7865561842918396,
                    "mass_class_2": 0.0,
                    "uncertainty": 0.2134438455104828
                },
                {
                    "rule": "y < 0.247",
                    "mass_class_1": 0.622999370098114,
                    "mass_class_2": 0.0,
                    "uncertainty": 0.377000629901886
                }
            ]
        },
        {
            "centroid": 1,
            "values": {
                "x": 0.17778860369263239,
                "y": 0.9035088808842218
            },
            "prediction": "[0.07740863 0.9225914 ]",
            "class": "1",
            "rules": [
                {
                    "rule": "y > 0.838",
                    "mass_class_1": 0.0,
                    "mass_class_2": 0.7478365302085876,
                    "uncertainty": 0.25216349959373474
                },
                {
                    "rule": "x < 0.304",
                    "mass_class_1": 0.0,
                    "mass_class_2": 0.6672655344009399,
                    "uncertainty": 0.33273443579673767
                }
            ]
        }
    ],
    "dsc_rules": {
        "0": [
            [
                "0.6186706",
                3,
                "x > 1.067",
                "0.7865561",
                "[0.7865562  0.         0.21344385]"
            ],
            [
                "0.44193766",
                2,
                "0.685 < x < 1.067",
                "0.6647839",
                "[0.6647839  0.         0.33521608]"
            ],
            [
                "0.38812822",
                4,
                "y < 0.247",
                "0.62299937",
                "[0.62299937 0.         0.37700063]"
            ],
            [
                "0.17868908",
                5,
                "0.247 < y < 0.542",
                "0.42271632",
                "[0.40057918 0.04549765 0.5539232 ]"
            ]
        ],
        "1": [
            [
                "0.5592594",
                7,
                "y > 0.838",
                "0.7478365",
                "[0.         0.74783653 0.2521635 ]"
            ],
            [
                "0.4452433",
                0,
                "x < 0.304",
                "0.66726553",
                "[0.         0.66726553 0.33273444]"
            ],
            [
                "0.391566",
                1,
                "0.304 < x < 0.685",
                "0.62575233",
                "[0.         0.6257524  0.37424764]"
            ],
            [
                "0.2813011",
                6,
                "0.542 < y < 0.838",
                "0.5303783",
                "[0.         0.5303783  0.46962172]"
            ],
            [
                "0.020295447",
                5,
                "0.247 < y < 0.542",
                "0.14246209",
                "[0.40057918 0.04549765 0.5539232 ]"
            ]
        ]
    }
}