{
    "dataset": "Uniform",
    "kmeans_centroids": [
        {
            "centroid": 0,
            "values": {
                "x": 2.466650215529293,
                "y": 0.0
            },
            "prediction": "[0.8554695  0.14453046]",
            "class": "0",
            "rules": [
                {
                    "rule": "x > 2.010",
                    "mass_class_1": 0.8520903587341309,
                    "mass_class_2": 0.0,
                    "uncertainty": 0.14790962636470795
                },
                {
                    "rule": "y = 0.0",
                    "mass_class_1": 0.029283201321959496,
                    "mass_class_2": 0.15016590058803558,
                    "uncertainty": 0.8205509185791016
                }
            ]
        },
        {
            "centroid": 1,
            "values": {
                "x": -2.3635068035137694,
                "y": 0.0
            },
            "prediction": "[0.12137272 0.8786273 ]",
            "class": "1",
            "rules": [
                {
                    "rule": "x < -1.791",
                    "mass_class_1": 0.0,
                    "mass_class_2": 0.8422117233276367,
                    "uncertainty": 0.15778829157352448
                },
                {
                    "rule": "y = 0.0",
                    "mass_class_1": 0.029283201321959496,
                    "mass_class_2": 0.15016590058803558,
                    "uncertainty": 0.8205509185791016
                }
            ]
        }
    ],
    "dsc_rules": {
        "0": [
            [
                "0.726058",
                3,
                "x > 2.010",
                "0.85209036",
                "[0.85209036 0.         0.14790963]"
            ],
            [
                "0.722073",
                2,
                "0.110 < x < 2.010",
                "0.8497488",
                "[0.8497488  0.         0.15025121]"
            ],
            [
                "0.0052548437",
                4,
                "y = 0.0",
                "0.072490305",
                "[0.0292832 0.1501659 0.8205509]"
            ]
        ],
        "1": [
            [
                "0.7093206",
                0,
                "x < -1.791",
                "0.8422117",
                "[0.         0.8422117  0.15778829]"
            ],
            [
                "0.53154415",
                1,
                "-1.791 < x < 0.110",
                "0.7290707",
                "[0.         0.7290707  0.27092928]"
            ],
            [
                "0.026947133",
                4,
                "y = 0.0",
                "0.16415583",
                "[0.0292832 0.1501659 0.8205509]"
            ]
        ]
    }
}