{
    "dataset": "Gaussian",
    "kmeans_centroids": [
        {
            "centroid": 0,
            "values": {
                "x": 1.1928591125867567,
                "y": 0.18145611956065327
            },
            "prediction": "[0.9188794  0.08112063]",
            "class": "0",
            "rules": [
                {
                    "rule": "x > 1.067",
                    "mass_class_1": 0.7486158013343811,
                    "mass_class_2": 0.0,
                    "uncertainty": 0.2513842284679413
                },
                {
                    "rule": "y < 0.247",
                    "mass_class_1": 0.6488159894943237,
                    "mass_class_2": 0.0,
                    "uncertainty": 0.35118401050567627
                }
            ]
        },
        {
            "centroid": 1,
            "values": {
                "x": 0.17778860369263239,
                "y": 0.9035088808842218
            },
            "prediction": "[0.08435279 0.91564727]",
            "class": "1",
            "rules": [
                {
                    "rule": "y > 0.838",
                    "mass_class_1": 0.0,
                    "mass_class_2": 0.703372061252594,
                    "uncertainty": 0.2966279685497284
                },
                {
                    "rule": "x < 0.304",
                    "mass_class_1": 0.0,
                    "mass_class_2": 0.6894302368164062,
                    "uncertainty": 0.31056976318359375
                }
            ]
        }
    ],
    "dsc_rules": {
        "0": [
            [
                "0.5604256",
                3,
                "x > 1.067",
                "0.7486158",
                "[0.7486158  0.         0.25138423]"
            ],
            [
                "0.5146582",
                2,
                "0.685 < x < 1.067",
                "0.71739686",
                "[0.7173968  0.         0.28260317]"
            ],
            [
                "0.42096218",
                4,
                "y < 0.247",
                "0.648816",
                "[0.648816 0.       0.351184]"
            ],
            [
                "0.1574677",
                5,
                "0.247 < y < 0.542",
                "0.396822",
                "[0.39560387 0.00244005 0.6019561 ]"
            ]
        ],
        "1": [
            [
                "0.4947322",
                7,
                "y > 0.838",
                "0.703372",
                "[0.         0.70337206 0.29662797]"
            ],
            [
                "0.47531405",
                0,
                "x < 0.304",
                "0.68943024",
                "[0.         0.68943024 0.31056976]"
            ],
            [
                "0.41367263",
                1,
                "0.304 < x < 0.685",
                "0.6431739",
                "[0.         0.6431739  0.35682613]"
            ],
            [
                "0.26002997",
                6,
                "0.542 < y < 0.838",
                "0.5099313",
                "[0.         0.5099313  0.49006867]"
            ],
            [
                "0.0009712452",
                5,
                "0.247 < y < 0.542",
                "0.031164806",
                "[0.39560387 0.00244005 0.6019561 ]"
            ]
        ]
    }
}