{
    "dataset": "TwoDiamonds",
    "kmeans_centroids": [
        {
            "centroid": 0,
            "values": {
                "X1": 3.084087225,
                "X2": -0.0020558000000000095
            },
            "prediction": "[0.85206693 0.14793304]",
            "class": "0",
            "rules": [
                {
                    "rule": "X1 > 2.800",
                    "mass_class_1": 0.8448419570922852,
                    "mass_class_2": 0.0,
                    "uncertainty": 0.15515801310539246
                },
                {
                    "rule": "-0.290 < X2 < 0.001",
                    "mass_class_1": 0.046958405524492264,
                    "mass_class_2": 0.1482844054698944,
                    "uncertainty": 0.8047571778297424
                }
            ]
        },
        {
            "centroid": 1,
            "values": {
                "X1": 1.0043701000000003,
                "X2": 0.0044222524999999934
            },
            "prediction": "[0.14201874 0.85798126]",
            "class": "1",
            "rules": [
                {
                    "rule": "X1 < 1.288",
                    "mass_class_1": 0.0,
                    "mass_class_2": 0.8220043182373047,
                    "uncertainty": 0.1779956966638565
                },
                {
                    "rule": "0.001 < X2 < 0.293",
                    "mass_class_1": 0.05977042019367218,
                    "mass_class_2": 0.1256360560655594,
                    "uncertainty": 0.8145935535430908
                }
            ]
        }
    ],
    "dsc_rules": {
        "0": [
            [
                "0.71375793",
                3,
                "X1 > 2.800",
                "0.84484196",
                "[0.84484196 0.         0.15515801]"
            ],
            [
                "0.6587794",
                2,
                "2.044 < X1 < 2.800",
                "0.81165224",
                "[0.81165224 0.         0.18834777]"
            ],
            [
                "0.013796158",
                4,
                "X2 < -0.290",
                "0.11745705",
                "[0.07203776 0.11947516 0.8084871 ]"
            ],
            [
                "0.011081821",
                6,
                "0.001 < X2 < 0.293",
                "0.10527023",
                "[0.05977042 0.12563606 0.81459355]"
            ],
            [
                "0.0108083915",
                7,
                "X2 > 0.293",
                "0.10396341",
                "[0.06020485 0.11932207 0.8204731 ]"
            ],
            [
                "0.009168291",
                5,
                "-0.290 < X2 < 0.001",
                "0.095751196",
                "[0.04695841 0.1482844  0.8047572 ]"
            ]
        ],
        "1": [
            [
                "0.6756911",
                0,
                "X1 < 1.288",
                "0.8220043",
                "[0.        0.8220043 0.1779957]"
            ],
            [
                "0.59538394",
                1,
                "1.288 < X1 < 2.044",
                "0.7716113",
                "[0.         0.7716113  0.22838871]"
            ],
            [
                "0.028951466",
                5,
                "-0.290 < X2 < 0.001",
                "0.17015131",
                "[0.04695841 0.1482844  0.8047572 ]"
            ],
            [
                "0.023293735",
                6,
                "0.001 < X2 < 0.293",
                "0.15262285",
                "[0.05977042 0.12563606 0.81459355]"
            ],
            [
                "0.022881031",
                4,
                "X2 < -0.290",
                "0.15126477",
                "[0.07203776 0.11947516 0.8084871 ]"
            ],
            [
                "0.021421524",
                7,
                "X2 > 0.293",
                "0.14636093",
                "[0.06020485 0.11932207 0.8204731 ]"
            ]
        ]
    }
}