{
    "dataset": "EngyTime",
    "kmeans_centroids": [
        {
            "centroid": 0,
            "values": {
                "X1": 0.5047955701030933,
                "X2": 0.33897749278350475
            },
            "prediction": "[0.95902634 0.04097367]",
            "class": "0",
            "rules": [
                {
                    "rule": "X2 < 0.545",
                    "mass_class_1": 0.9312069416046143,
                    "mass_class_2": 0.0,
                    "uncertainty": 0.06879307329654694
                },
                {
                    "rule": "0.299 < X1 < 1.279",
                    "mass_class_1": 0.38099387288093567,
                    "mass_class_2": 0.003297984367236495,
                    "uncertainty": 0.6157081127166748
                }
            ]
        },
        {
            "centroid": 1,
            "values": {
                "X1": 1.9762568079777365,
                "X2": 2.9513509239332096
            },
            "prediction": "[0.06733633 0.9326637 ]",
            "class": "1",
            "rules": [
                {
                    "rule": "X2 > 2.883",
                    "mass_class_1": 0.0,
                    "mass_class_2": 0.9246125817298889,
                    "uncertainty": 0.07538742572069168
                },
                {
                    "rule": "1.279 < X1 < 2.260",
                    "mass_class_1": 0.07149803638458252,
                    "mass_class_2": 0.11078198254108429,
                    "uncertainty": 0.8177199959754944
                }
            ]
        }
    ],
    "dsc_rules": {
        "0": [
            [
                "0.8671464",
                4,
                "X2 < 0.545",
                "0.93120694",
                "[0.93120694 0.         0.06879307]"
            ],
            [
                "0.56742233",
                0,
                "X1 < 0.299",
                "0.7532744",
                "[0.7532744  0.         0.24672559]"
            ],
            [
                "0.47179234",
                5,
                "0.545 < X2 < 1.714",
                "0.6868714",
                "[0.6868714  0.         0.31312862]"
            ],
            [
                "0.14641285",
                1,
                "0.299 < X1 < 1.279",
                "0.38263932",
                "[0.38099387 0.00329798 0.6157081 ]"
            ],
            [
                "0.013032663",
                2,
                "1.279 < X1 < 2.260",
                "0.11416069",
                "[0.07149804 0.11078198 0.81772   ]"
            ]
        ],
        "1": [
            [
                "0.8549084",
                7,
                "X2 > 2.883",
                "0.9246126",
                "[0.         0.9246126  0.07538743]"
            ],
            [
                "0.7456454",
                3,
                "X1 > 2.260",
                "0.8635076",
                "[0.        0.8635076 0.1364924]"
            ],
            [
                "0.25710505",
                6,
                "1.714 < X2 < 2.883",
                "0.5070553",
                "[0.        0.5070553 0.4929447]"
            ],
            [
                "0.02019334",
                2,
                "1.279 < X1 < 2.260",
                "0.14210327",
                "[0.07149804 0.11078198 0.81772   ]"
            ],
            [
                "0.0012673886",
                1,
                "0.299 < X1 < 1.279",
                "0.0356004",
                "[0.38099387 0.00329798 0.6157081 ]"
            ]
        ]
    }
}