{
    "dataset": "TwoDiamonds",
    "kmeans_centroids": [
        {
            "centroid": 0,
            "values": {
                "X1": 1.0043701000000003,
                "X2": 0.0044222524999999934
            },
            "prediction": "[0.8504838  0.14951624]",
            "class": "0",
            "rules": [
                {
                    "rule": "X1 < 1.288",
                    "mass_class_1": 0.8375949859619141,
                    "mass_class_2": 0.0,
                    "uncertainty": 0.16240499913692474
                },
                {
                    "rule": "0.001 < X2 < 0.293",
                    "mass_class_1": 0.05412052571773529,
                    "mass_class_2": 0.12619836628437042,
                    "uncertainty": 0.8196811079978943
                }
            ]
        },
        {
            "centroid": 1,
            "values": {
                "X1": 3.0840872249999998,
                "X2": -0.0020558000000000095
            },
            "prediction": "[0.15634146 0.8436585 ]",
            "class": "1",
            "rules": [
                {
                    "rule": "X1 > 2.800",
                    "mass_class_1": 0.0,
                    "mass_class_2": 0.8079438805580139,
                    "uncertainty": 0.1920561045408249
                },
                {
                    "rule": "-0.290 < X2 < 0.001",
                    "mass_class_1": 0.07944592088460922,
                    "mass_class_2": 0.11176341772079468,
                    "uncertainty": 0.8087906837463379
                }
            ]
        }
    ],
    "dsc_rules": {
        "0": [
            [
                "0.7015654",
                0,
                "X1 < 1.288",
                "0.837595",
                "[0.837595 0.       0.162405]"
            ],
            [
                "0.67422324",
                1,
                "1.288 < X1 < 2.044",
                "0.82111096",
                "[0.82111096 0.         0.17888902]"
            ],
            [
                "0.015190801",
                5,
                "-0.290 < X2 < 0.001",
                "0.12325097",
                "[0.07944592 0.11176342 0.8087907 ]"
            ],
            [
                "0.009758953",
                6,
                "0.001 < X2 < 0.293",
                "0.09878741",
                "[0.05412053 0.12619837 0.8196811 ]"
            ],
            [
                "0.009690748",
                7,
                "X2 > 0.293",
                "0.09844159",
                "[0.053665   0.12691356 0.81942147]"
            ],
            [
                "0.008786031",
                4,
                "X2 < -0.290",
                "0.09373383",
                "[0.04838833 0.133185   0.81842667]"
            ]
        ],
        "1": [
            [
                "0.6527733",
                3,
                "X1 > 2.800",
                "0.8079439",
                "[0.        0.8079439 0.1920561]"
            ],
            [
                "0.64430344",
                2,
                "2.044 < X1 < 2.800",
                "0.80268514",
                "[0.         0.80268514 0.19731489]"
            ],
            [
                "0.024182845",
                4,
                "X2 < -0.290",
                "0.15550834",
                "[0.04838833 0.133185   0.81842667]"
            ],
            [
                "0.022917865",
                7,
                "X2 > 0.293",
                "0.15138647",
                "[0.053665   0.12691356 0.81942147]"
            ],
            [
                "0.022755949",
                6,
                "0.001 < X2 < 0.293",
                "0.15085074",
                "[0.05412053 0.12619837 0.8196811 ]"
            ],
            [
                "0.021370206",
                5,
                "-0.290 < X2 < 0.001",
                "0.14618552",
                "[0.07944592 0.11176342 0.8087907 ]"
            ]
        ]
    }
}