{
    "dataset": "Rectangle",
    "kmeans_centroids": [
        {
            "centroid": 0,
            "values": {
                "x": -0.046336247117657735,
                "y": 0.5759678248423152
            },
            "prediction": "[0.8261402 0.1738598]",
            "class": "0",
            "rules": [
                {
                    "rule": "y > 0.410",
                    "mass_class_1": 0.7594997882843018,
                    "mass_class_2": 0.0,
                    "uncertainty": 0.24050018191337585
                },
                {
                    "rule": "-0.412 < x < -0.021",
                    "mass_class_1": 0.1531679928302765,
                    "mass_class_2": 0.03224099427461624,
                    "uncertainty": 0.8145909905433655
                }
            ]
        },
        {
            "centroid": 1,
            "values": {
                "x": 0.00419824629615826,
                "y": -0.5865640830423053
            },
            "prediction": "[0.17019698 0.829803  ]",
            "class": "1",
            "rules": [
                {
                    "rule": "y < -0.441",
                    "mass_class_1": 0.0,
                    "mass_class_2": 0.7917323708534241,
                    "uncertainty": 0.20826762914657593
                },
                {
                    "rule": "-0.021 < x < 0.371",
                    "mass_class_1": 0.10243747383356094,
                    "mass_class_2": 0.1160660907626152,
                    "uncertainty": 0.7814964652061462
                }
            ]
        }
    ],
    "dsc_rules": {
        "0": [
            [
                "0.5768399",
                7,
                "y > 0.410",
                "0.7594998",
                "[0.7594998  0.         0.24050018]"
            ],
            [
                "0.5488948",
                6,
                "-0.016 < y < 0.410",
                "0.74087435",
                "[0.74087435 0.         0.25912565]"
            ],
            [
                "0.028398726",
                1,
                "-0.412 < x < -0.021",
                "0.16851921",
                "[0.153168   0.03224099 0.814591  ]"
            ],
            [
                "0.027441822",
                0,
                "x < -0.412",
                "0.16565573",
                "[0.15310325 0.02613409 0.82076263]"
            ],
            [
                "0.022518486",
                3,
                "x > 0.371",
                "0.1500616",
                "[0.12457077 0.05619784 0.8192314 ]"
            ],
            [
                "0.02238295",
                2,
                "-0.021 < x < 0.371",
                "0.14960933",
                "[0.10243747 0.11606609 0.78149647]"
            ]
        ],
        "1": [
            [
                "0.67358226",
                5,
                "-0.441 < y < -0.016",
                "0.82072055",
                "[0.         0.82072055 0.17927945]"
            ],
            [
                "0.6268402",
                4,
                "y < -0.441",
                "0.7917324",
                "[0.         0.7917324  0.20826763]"
            ],
            [
                "0.02536085",
                2,
                "-0.021 < x < 0.371",
                "0.1592509",
                "[0.10243747 0.11606609 0.78149647]"
            ],
            [
                "0.010158806",
                3,
                "x > 0.371",
                "0.1007909",
                "[0.12457077 0.05619784 0.8192314 ]"
            ],
            [
                "0.005977771",
                1,
                "-0.412 < x < -0.021",
                "0.077316046",
                "[0.153168   0.03224099 0.814591  ]"
            ],
            [
                "0.0046842056",
                0,
                "x < -0.412",
                "0.06844126",
                "[0.15310325 0.02613409 0.82076263]"
            ]
        ]
    }
}