{
    "dataset": "Gaussian",
    "kmeans_centroids": [
        {
            "centroid": 0,
            "values": {
                "x": 0.17778860369263239,
                "y": 0.9035088808842218
            },
            "prediction": "[0.8999144  0.10008562]",
            "class": "0",
            "rules": [
                {
                    "rule": "x < 0.304",
                    "mass_class_1": 0.6950572729110718,
                    "mass_class_2": 0.0,
                    "uncertainty": 0.3049427270889282
                },
                {
                    "rule": "y > 0.838",
                    "mass_class_1": 0.6352862119674683,
                    "mass_class_2": 0.0,
                    "uncertainty": 0.3647138178348541
                }
            ]
        },
        {
            "centroid": 1,
            "values": {
                "x": 1.1928591125867567,
                "y": 0.18145611956065327
            },
            "prediction": "[0.09558536 0.90441465]",
            "class": "1",
            "rules": [
                {
                    "rule": "x > 1.067",
                    "mass_class_1": 0.0,
                    "mass_class_2": 0.7050613760948181,
                    "uncertainty": 0.2949385941028595
                },
                {
                    "rule": "y < 0.247",
                    "mass_class_1": 0.0,
                    "mass_class_2": 0.64166259765625,
                    "uncertainty": 0.3583374321460724
                }
            ]
        }
    ],
    "dsc_rules": {
        "0": [
            [
                "0.48310462",
                0,
                "x < 0.304",
                "0.6950573",
                "[0.6950573  0.         0.30494273]"
            ],
            [
                "0.45072788",
                1,
                "0.304 < x < 0.685",
                "0.6713627",
                "[0.6713627 0.        0.3286373]"
            ],
            [
                "0.40358856",
                7,
                "y > 0.838",
                "0.6352862",
                "[0.6352862  0.         0.36471382]"
            ],
            [
                "0.2176016",
                6,
                "0.542 < y < 0.838",
                "0.46647787",
                "[0.46647787 0.         0.5335221 ]"
            ],
            [
                "0.0011319164",
                5,
                "0.247 < y < 0.542",
                "0.033643965",
                "[0.00245842 0.45796582 0.5395758 ]"
            ]
        ],
        "1": [
            [
                "0.4971116",
                3,
                "x > 1.067",
                "0.70506144",
                "[0.        0.7050614 0.2949386]"
            ],
            [
                "0.42878705",
                2,
                "0.685 < x < 1.067",
                "0.65481836",
                "[0.         0.65481836 0.34518167]"
            ],
            [
                "0.4117309",
                4,
                "y < 0.247",
                "0.6416626",
                "[0.         0.6416626  0.35833743]"
            ],
            [
                "0.21085854",
                5,
                "0.247 < y < 0.542",
                "0.45919335",
                "[0.00245842 0.45796582 0.5395758 ]"
            ]
        ]
    }
}