{
    "dataset": "Uniform",
    "kmeans_centroids": [
        {
            "centroid": 0,
            "values": {
                "x": 2.4290129590385106,
                "y": 0.0
            },
            "prediction": "[0.86525494 0.13474512]",
            "class": "0",
            "rules": [
                {
                    "rule": "x > 2.010",
                    "mass_class_1": 0.8396191000938416,
                    "mass_class_2": 0.0,
                    "uncertainty": 0.16038092970848083
                },
                {
                    "rule": "y = 0.0",
                    "mass_class_1": 0.1047496646642685,
                    "mass_class_2": 0.07800569385290146,
                    "uncertainty": 0.8172446489334106
                }
            ]
        },
        {
            "centroid": 1,
            "values": {
                "x": -2.4032357259661397,
                "y": 0.0
            },
            "prediction": "[0.16605474 0.8339453 ]",
            "class": "1",
            "rules": [
                {
                    "rule": "x < -1.791",
                    "mass_class_1": 0.0,
                    "mass_class_2": 0.8066563606262207,
                    "uncertainty": 0.19334366917610168
                },
                {
                    "rule": "y = 0.0",
                    "mass_class_1": 0.1047496646642685,
                    "mass_class_2": 0.07800569385290146,
                    "uncertainty": 0.8172446489334106
                }
            ]
        }
    ],
    "dsc_rules": {
        "0": [
            [
                "0.70496017",
                3,
                "x > 2.010",
                "0.83961904",
                "[0.8396191  0.         0.16038093]"
            ],
            [
                "0.64003843",
                2,
                "0.110 < x < 2.010",
                "0.80002403",
                "[0.80002403 0.         0.19997598]"
            ],
            [
                "0.01914356",
                4,
                "y = 0.0",
                "0.13836026",
                "[0.10474966 0.07800569 0.81724465]"
            ]
        ],
        "1": [
            [
                "0.7098231",
                1,
                "-1.791 < x < 0.110",
                "0.84251",
                "[0.         0.84251    0.15749003]"
            ],
            [
                "0.6506945",
                0,
                "x < -1.791",
                "0.80665636",
                "[0.         0.80665636 0.19334367]"
            ],
            [
                "0.014255958",
                4,
                "y = 0.0",
                "0.11939832",
                "[0.10474966 0.07800569 0.81724465]"
            ]
        ]
    }
}