{
    "dataset": "Uniform",
    "kmeans_centroids": [
        {
            "centroid": 0,
            "values": {
                "x": 2.466650215529293,
                "y": 0.0
            },
            "prediction": "[0.8643629 0.1356371]",
            "class": "0",
            "rules": [
                {
                    "rule": "x > 2.010",
                    "mass_class_1": 0.8495044708251953,
                    "mass_class_2": 0.0,
                    "uncertainty": 0.15049554407596588
                },
                {
                    "rule": "y = 0.0",
                    "mass_class_1": 0.07384684681892395,
                    "mass_class_2": 0.11177290976047516,
                    "uncertainty": 0.8143802285194397
                }
            ]
        },
        {
            "centroid": 1,
            "values": {
                "x": -2.3635068035137694,
                "y": 0.0
            },
            "prediction": "[0.16390269 0.83609736]",
            "class": "1",
            "rules": [
                {
                    "rule": "x < -1.791",
                    "mass_class_1": 0.0,
                    "mass_class_2": 0.7955966591835022,
                    "uncertainty": 0.2044033408164978
                },
                {
                    "rule": "y = 0.0",
                    "mass_class_1": 0.07384684681892395,
                    "mass_class_2": 0.11177290976047516,
                    "uncertainty": 0.8143802285194397
                }
            ]
        }
    ],
    "dsc_rules": {
        "0": [
            [
                "0.7216579",
                3,
                "x > 2.010",
                "0.8495045",
                "[0.8495045  0.         0.15049554]"
            ],
            [
                "0.652197",
                2,
                "0.110 < x < 2.010",
                "0.80758715",
                "[0.80758715 0.         0.19241284]"
            ],
            [
                "0.013707435",
                4,
                "y = 0.0",
                "0.11707875",
                "[0.07384685 0.11177291 0.8143802 ]"
            ]
        ],
        "1": [
            [
                "0.68914574",
                1,
                "-1.791 < x < 0.110",
                "0.83014804",
                "[0.         0.83014804 0.16985199]"
            ],
            [
                "0.632974",
                0,
                "x < -1.791",
                "0.79559666",
                "[0.         0.79559666 0.20440334]"
            ],
            [
                "0.020747261",
                4,
                "y = 0.0",
                "0.1440391",
                "[0.07384685 0.11177291 0.8143802 ]"
            ]
        ]
    }
}