{
    "dataset": "WingNut",
    "kmeans_centroids": [
        {
            "centroid": 0,
            "values": {
                "X1": -0.9176798064833008,
                "X2": 1.9460776082121805
            },
            "prediction": "[0.84589    0.15411006]",
            "class": "0",
            "rules": [
                {
                    "rule": "X1 < -0.740",
                    "mass_class_1": 0.7501458525657654,
                    "mass_class_2": 0.0,
                    "uncertainty": 0.24985413253307343
                },
                {
                    "rule": "1.500 < X2 < 2.101",
                    "mass_class_1": 0.27082696557044983,
                    "mass_class_2": 0.0,
                    "uncertainty": 0.7291730046272278
                }
            ]
        },
        {
            "centroid": 1,
            "values": {
                "X1": 0.9212998451676532,
                "X2": 1.0521627188856013
            },
            "prediction": "[0.11931258 0.88068736]",
            "class": "1",
            "rules": [
                {
                    "rule": "X1 > 0.740",
                    "mass_class_1": 0.0,
                    "mass_class_2": 0.8723896145820618,
                    "uncertainty": 0.12761040031909943
                },
                {
                    "rule": "0.899 < X2 < 1.500",
                    "mass_class_1": 0.11555309593677521,
                    "mass_class_2": 0.06103329733014107,
                    "uncertainty": 0.823413610458374
                }
            ]
        }
    ],
    "dsc_rules": {
        "0": [
            [
                "0.5627188",
                0,
                "X1 < -0.740",
                "0.75014585",
                "[0.75014585 0.         0.24985413]"
            ],
            [
                "0.5144321",
                1,
                "-0.740 < X1 < 0.000",
                "0.7172392",
                "[0.7172392 0.        0.2827608]"
            ],
            [
                "0.30348876",
                7,
                "X2 > 2.101",
                "0.55089813",
                "[0.55089813 0.         0.44910187]"
            ],
            [
                "0.073347256",
                6,
                "1.500 < X2 < 2.101",
                "0.270827",
                "[0.27082697 0.         0.729173  ]"
            ],
            [
                "0.020405104",
                5,
                "0.899 < X2 < 1.500",
                "0.14284644",
                "[0.1155531 0.0610333 0.8234136]"
            ],
            [
                "0.00205927",
                4,
                "X2 < 0.899",
                "0.04537918",
                "[0.0042351  0.48200318 0.5137617 ]"
            ]
        ],
        "1": [
            [
                "0.76106364",
                3,
                "X1 > 0.740",
                "0.8723896",
                "[0.        0.8723896 0.1276104]"
            ],
            [
                "0.56259763",
                2,
                "0.000 < X1 < 0.740",
                "0.7500651",
                "[0.        0.7500651 0.2499349]"
            ],
            [
                "0.23436841",
                4,
                "X2 < 0.899",
                "0.4841161",
                "[0.0042351  0.48200318 0.5137617 ]"
            ],
            [
                "0.0107776495",
                5,
                "0.899 < X2 < 1.500",
                "0.10381546",
                "[0.1155531 0.0610333 0.8234136]"
            ]
        ]
    }
}