{
    "dataset": "TwoDiamonds",
    "kmeans_centroids": [
        {
            "centroid": 0,
            "values": {
                "X1": 1.0043701000000003,
                "X2": 0.0044222524999999934
            },
            "prediction": "[0.81849605 0.181504  ]",
            "class": "0",
            "rules": [
                {
                    "rule": "X1 < 1.288",
                    "mass_class_1": 0.7787603139877319,
                    "mass_class_2": 0.0,
                    "uncertainty": 0.22123965620994568
                },
                {
                    "rule": "0.001 < X2 < 0.293",
                    "mass_class_1": 0.09421314299106598,
                    "mass_class_2": 0.09631017595529556,
                    "uncertainty": 0.8094767332077026
                }
            ]
        },
        {
            "centroid": 1,
            "values": {
                "X1": 3.0840872249999998,
                "X2": -0.0020558000000000095
            },
            "prediction": "[0.17710869 0.82289124]",
            "class": "1",
            "rules": [
                {
                    "rule": "X1 > 2.800",
                    "mass_class_1": 0.0,
                    "mass_class_2": 0.7948254346847534,
                    "uncertainty": 0.2051745504140854
                },
                {
                    "rule": "-0.290 < X2 < 0.001",
                    "mass_class_1": 0.11165621876716614,
                    "mass_class_2": 0.06813075393438339,
                    "uncertainty": 0.8202130198478699
                }
            ]
        }
    ],
    "dsc_rules": {
        "0": [
            [
                "0.67933506",
                1,
                "1.288 < X1 < 2.044",
                "0.82421786",
                "[0.82421786 0.         0.17578213]"
            ],
            [
                "0.6064676",
                0,
                "X1 < 1.288",
                "0.7787603",
                "[0.7787603  0.         0.22123966]"
            ],
            [
                "0.020074334",
                5,
                "-0.290 < X2 < 0.001",
                "0.14168392",
                "[0.11165622 0.06813075 0.820213  ]"
            ],
            [
                "0.017949795",
                6,
                "0.001 < X2 < 0.293",
                "0.13397685",
                "[0.09421314 0.09631018 0.80947673]"
            ],
            [
                "0.017874258",
                7,
                "X2 > 0.293",
                "0.13369465",
                "[0.09893333 0.08173639 0.8193303 ]"
            ],
            [
                "0.017003203",
                4,
                "X2 < -0.290",
                "0.13039634",
                "[0.09316713 0.08933502 0.81749785]"
            ]
        ],
        "1": [
            [
                "0.6517197",
                2,
                "2.044 < X1 < 2.800",
                "0.80729157",
                "[0.         0.80729157 0.19270845]"
            ],
            [
                "0.6317475",
                3,
                "X1 > 2.800",
                "0.79482543",
                "[0.         0.79482543 0.20517455]"
            ],
            [
                "0.018349329",
                6,
                "0.001 < X2 < 0.293",
                "0.13545969",
                "[0.09421314 0.09631018 0.80947673]"
            ],
            [
                "0.016303834",
                4,
                "X2 < -0.290",
                "0.12768647",
                "[0.09316713 0.08933502 0.81749785]"
            ],
            [
                "0.014767292",
                7,
                "X2 > 0.293",
                "0.12152075",
                "[0.09893333 0.08173639 0.8193303 ]"
            ],
            [
                "0.012249023",
                5,
                "-0.290 < X2 < 0.001",
                "0.110675305",
                "[0.11165622 0.06813075 0.820213  ]"
            ]
        ]
    }
}