{
    "dataset": "Uniform",
    "kmeans_centroids": [
        {
            "centroid": 0,
            "values": {
                "x": -2.4032357259661397,
                "y": 0.0
            },
            "prediction": "[0.8178436  0.18215638]",
            "class": "0",
            "rules": [
                {
                    "rule": "x < -1.791",
                    "mass_class_1": 0.7142830491065979,
                    "mass_class_2": 0.0,
                    "uncertainty": 0.2857169508934021
                },
                {
                    "rule": "y = 0.0",
                    "mass_class_1": 0.22046048939228058,
                    "mass_class_2": 0.0,
                    "uncertainty": 0.7795395255088806
                }
            ]
        },
        {
            "centroid": 1,
            "values": {
                "x": 2.4290129590385106,
                "y": 0.0
            },
            "prediction": "[0.15188123 0.8481188 ]",
            "class": "1",
            "rules": [
                {
                    "rule": "x > 2.010",
                    "mass_class_1": 0.0,
                    "mass_class_2": 0.8603999614715576,
                    "uncertainty": 0.13960005342960358
                },
                {
                    "rule": "y = 0.0",
                    "mass_class_1": 0.22046048939228058,
                    "mass_class_2": 0.0,
                    "uncertainty": 0.7795395255088806
                }
            ]
        }
    ],
    "dsc_rules": {
        "0": [
            [
                "0.5326113",
                1,
                "-1.791 < x < 0.110",
                "0.72980225",
                "[0.72980225 0.         0.27019775]"
            ],
            [
                "0.51020026",
                0,
                "x < -1.791",
                "0.71428305",
                "[0.71428305 0.         0.28571695]"
            ],
            [
                "0.048602823",
                4,
                "y = 0.0",
                "0.22046047",
                "[0.22046049 0.         0.7795395 ]"
            ]
        ],
        "1": [
            [
                "0.7402881",
                3,
                "x > 2.010",
                "0.86039996",
                "[0.         0.86039996 0.13960005]"
            ],
            [
                "0.6753251",
                2,
                "0.110 < x < 2.010",
                "0.82178164",
                "[0.         0.8217817  0.17821833]"
            ]
        ]
    }
}