{
    "dataset": "TwoDiamonds",
    "kmeans_centroids": [
        {
            "centroid": 0,
            "values": {
                "X1": 1.0043701000000003,
                "X2": 0.0044222524999999934
            },
            "prediction": "[0.7983164  0.20168361]",
            "class": "0",
            "rules": [
                {
                    "rule": "X1 < 1.288",
                    "mass_class_1": 0.7593318223953247,
                    "mass_class_2": 0.0,
                    "uncertainty": 0.24066820740699768
                },
                {
                    "rule": "0.001 < X2 < 0.293",
                    "mass_class_1": 0.06765136867761612,
                    "mass_class_2": 0.11181898415088654,
                    "uncertainty": 0.8205296397209167
                }
            ]
        },
        {
            "centroid": 1,
            "values": {
                "X1": 3.0840872249999998,
                "X2": -0.0020558000000000095
            },
            "prediction": "[0.19832975 0.8016703 ]",
            "class": "1",
            "rules": [
                {
                    "rule": "X1 > 2.800",
                    "mass_class_1": 0.0,
                    "mass_class_2": 0.7550587058067322,
                    "uncertainty": 0.24494129419326782
                },
                {
                    "rule": "-0.290 < X2 < 0.001",
                    "mass_class_1": 0.09392155706882477,
                    "mass_class_2": 0.08484245836734772,
                    "uncertainty": 0.8212360143661499
                }
            ]
        }
    ],
    "dsc_rules": {
        "0": [
            [
                "0.6950981",
                1,
                "1.288 < X1 < 2.044",
                "0.83372545",
                "[0.83372545 0.         0.16627458]"
            ],
            [
                "0.5765848",
                0,
                "X1 < 1.288",
                "0.7593318",
                "[0.7593318 0.        0.2406682]"
            ],
            [
                "0.016789792",
                5,
                "-0.290 < X2 < 0.001",
                "0.12957543",
                "[0.09392156 0.08484246 0.821236  ]"
            ],
            [
                "0.015424742",
                4,
                "X2 < -0.290",
                "0.12419639",
                "[0.07992192 0.1130757  0.80700237]"
            ],
            [
                "0.014732677",
                7,
                "X2 > 0.293",
                "0.121378236",
                "[0.08093908 0.10108273 0.8179782 ]"
            ],
            [
                "0.012141416",
                6,
                "0.001 < X2 < 0.293",
                "0.1101881",
                "[0.06765137 0.11181898 0.82052964]"
            ]
        ],
        "1": [
            [
                "0.64162993",
                2,
                "2.044 < X1 < 2.800",
                "0.80101806",
                "[0.         0.80101806 0.19898194]"
            ],
            [
                "0.57011366",
                3,
                "X1 > 2.800",
                "0.7550587",
                "[0.        0.7550587 0.2449413]"
            ],
            [
                "0.021823343",
                4,
                "X2 < -0.290",
                "0.14772725",
                "[0.07992192 0.1130757  0.80700237]"
            ],
            [
                "0.020068193",
                6,
                "0.001 < X2 < 0.293",
                "0.14166225",
                "[0.06765137 0.11181898 0.82052964]"
            ],
            [
                "0.01839926",
                7,
                "X2 > 0.293",
                "0.13564387",
                "[0.08093908 0.10108273 0.8179782 ]"
            ],
            [
                "0.015166776",
                5,
                "-0.290 < X2 < 0.001",
                "0.12315346",
                "[0.09392156 0.08484246 0.821236  ]"
            ]
        ]
    }
}