{
    "dataset": "Rectangle",
    "kmeans_centroids": [
        {
            "centroid": 0,
            "values": {
                "x": -0.046336247117657735,
                "y": 0.5759678248423152
            },
            "prediction": "[0.8121062  0.18789373]",
            "class": "0",
            "rules": [
                {
                    "rule": "y > 0.410",
                    "mass_class_1": 0.745480477809906,
                    "mass_class_2": 0.0,
                    "uncertainty": 0.254519522190094
                },
                {
                    "rule": "-0.412 < x < -0.021",
                    "mass_class_1": 0.13806091248989105,
                    "mass_class_2": 0.0518038235604763,
                    "uncertainty": 0.8101352453231812
                }
            ]
        },
        {
            "centroid": 1,
            "values": {
                "x": 0.004198246296158264,
                "y": -0.5865640830423052
            },
            "prediction": "[0.1477866 0.8522134]",
            "class": "1",
            "rules": [
                {
                    "rule": "y < -0.441",
                    "mass_class_1": 0.0,
                    "mass_class_2": 0.8180540204048157,
                    "uncertainty": 0.18194594979286194
                },
                {
                    "rule": "-0.021 < x < 0.371",
                    "mass_class_1": 0.06989096850156784,
                    "mass_class_2": 0.11350117623806,
                    "uncertainty": 0.8166078925132751
                }
            ]
        }
    ],
    "dsc_rules": {
        "0": [
            [
                "0.6667967",
                6,
                "-0.016 < y < 0.410",
                "0.8165762",
                "[0.8165762 0.        0.1834238]"
            ],
            [
                "0.55574113",
                7,
                "y > 0.410",
                "0.7454805",
                "[0.7454805  0.         0.25451952]"
            ],
            [
                "0.029859386",
                0,
                "x < -0.412",
                "0.1727987",
                "[0.15520996 0.03717066 0.8076194 ]"
            ],
            [
                "0.0262129",
                1,
                "-0.412 < x < -0.021",
                "0.16190399",
                "[0.13806091 0.05180382 0.81013525]"
            ],
            [
                "0.021695467",
                3,
                "x > 0.371",
                "0.1472938",
                "[0.11817946 0.06540126 0.8164193 ]"
            ],
            [
                "0.012817452",
                2,
                "-0.021 < x < 0.371",
                "0.11321419",
                "[0.06989097 0.11350118 0.8166079 ]"
            ]
        ],
        "1": [
            [
                "0.6692124",
                4,
                "y < -0.441",
                "0.818054",
                "[0.         0.818054   0.18194595]"
            ],
            [
                "0.5980871",
                5,
                "-0.441 < y < -0.016",
                "0.7733609",
                "[0.         0.7733609  0.22663908]"
            ],
            [
                "0.02081522",
                2,
                "-0.021 < x < 0.371",
                "0.1442748",
                "[0.06989097 0.11350118 0.8166079 ]"
            ],
            [
                "0.0120064095",
                3,
                "x > 0.371",
                "0.10957376",
                "[0.11817946 0.06540126 0.8164193 ]"
            ],
            [
                "0.00983572",
                1,
                "-0.412 < x < -0.021",
                "0.0991752",
                "[0.13806091 0.05180382 0.81013525]"
            ],
            [
                "0.0071509136",
                0,
                "x < -0.412",
                "0.08456308",
                "[0.15520996 0.03717066 0.8076194 ]"
            ]
        ]
    }
}