{
    "dataset": "TwoDiamonds",
    "kmeans_centroids": [
        {
            "centroid": 0,
            "values": {
                "X1": 3.0840872249999998,
                "X2": -0.0020558000000000095
            },
            "prediction": "[0.86722624 0.13277377]",
            "class": "0",
            "rules": [
                {
                    "rule": "X1 > 2.800",
                    "mass_class_1": 0.8866146206855774,
                    "mass_class_2": 0.0,
                    "uncertainty": 0.1133854016661644
                },
                {
                    "rule": "-0.290 < X2 < 0.001",
                    "mass_class_1": 0.0,
                    "mass_class_2": 0.2594110071659088,
                    "uncertainty": 0.7405890226364136
                }
            ]
        },
        {
            "centroid": 1,
            "values": {
                "X1": 1.0043701000000003,
                "X2": 0.0044222524999999934
            },
            "prediction": "[0.11864867 0.88135135]",
            "class": "1",
            "rules": [
                {
                    "rule": "X1 < 1.288",
                    "mass_class_1": 0.0,
                    "mass_class_2": 0.8185772895812988,
                    "uncertainty": 0.18142269551753998
                },
                {
                    "rule": "0.001 < X2 < 0.293",
                    "mass_class_1": 0.0,
                    "mass_class_2": 0.2579687535762787,
                    "uncertainty": 0.7420312166213989
                }
            ]
        }
    ],
    "dsc_rules": {
        "0": [
            [
                "0.7860855",
                3,
                "X1 > 2.800",
                "0.8866146",
                "[0.8866146 0.        0.1133854]"
            ],
            [
                "0.7695215",
                2,
                "2.044 < X1 < 2.800",
                "0.87722373",
                "[0.87722373 0.         0.12277628]"
            ]
        ],
        "1": [
            [
                "0.6700688",
                0,
                "X1 < 1.288",
                "0.8185773",
                "[0.        0.8185773 0.1814227]"
            ],
            [
                "0.50512666",
                1,
                "1.288 < X1 < 2.044",
                "0.7107226",
                "[0.         0.7107226  0.28927737]"
            ],
            [
                "0.06729406",
                5,
                "-0.290 < X2 < 0.001",
                "0.25941098",
                "[0.       0.259411 0.740589]"
            ],
            [
                "0.066547886",
                6,
                "0.001 < X2 < 0.293",
                "0.25796878",
                "[0.         0.25796875 0.7420312 ]"
            ],
            [
                "0.047627483",
                7,
                "X2 > 0.293",
                "0.21823722",
                "[0.        0.2182372 0.7817628]"
            ],
            [
                "0.040132046",
                4,
                "X2 < -0.290",
                "0.20032984",
                "[0.         0.20032984 0.79967016]"
            ]
        ]
    }
}