{
    "dataset": "WingNut",
    "kmeans_centroids": [
        {
            "centroid": 0,
            "values": {
                "X1": -0.9176798064833009,
                "X2": 1.9460776082121805
            },
            "prediction": "[0.8684921  0.13150787]",
            "class": "0",
            "rules": [
                {
                    "rule": "X1 < -0.740",
                    "mass_class_1": 0.8282772898674011,
                    "mass_class_2": 0.0,
                    "uncertainty": 0.17172271013259888
                },
                {
                    "rule": "1.500 < X2 < 2.101",
                    "mass_class_1": 0.15729190409183502,
                    "mass_class_2": 0.04430563002824783,
                    "uncertainty": 0.7984024286270142
                }
            ]
        },
        {
            "centroid": 1,
            "values": {
                "X1": 0.9212998451676533,
                "X2": 1.0521627188856013
            },
            "prediction": "[0.12481464 0.8751853 ]",
            "class": "1",
            "rules": [
                {
                    "rule": "X1 > 0.740",
                    "mass_class_1": 0.0,
                    "mass_class_2": 0.834755003452301,
                    "uncertainty": 0.1652449667453766
                },
                {
                    "rule": "0.899 < X2 < 1.500",
                    "mass_class_1": 0.04565355181694031,
                    "mass_class_2": 0.17634882032871246,
                    "uncertainty": 0.777997612953186
                }
            ]
        }
    ],
    "dsc_rules": {
        "0": [
            [
                "0.68604326",
                0,
                "X1 < -0.740",
                "0.8282773",
                "[0.8282773  0.         0.17172271]"
            ],
            [
                "0.5733371",
                1,
                "-0.740 < X1 < 0.000",
                "0.7571902",
                "[0.7571903  0.         0.24280974]"
            ],
            [
                "0.28150183",
                7,
                "X2 > 2.101",
                "0.53056747",
                "[0.53056747 0.         0.46943253]"
            ],
            [
                "0.031709667",
                6,
                "1.500 < X2 < 2.101",
                "0.17807208",
                "[0.1572919  0.04430563 0.7984024 ]"
            ],
            [
                "0.010135197",
                5,
                "0.899 < X2 < 1.500",
                "0.10067371",
                "[0.04565355 0.17634882 0.7779976 ]"
            ]
        ],
        "1": [
            [
                "0.69681597",
                3,
                "X1 > 0.740",
                "0.83475506",
                "[0.         0.834755   0.16524497]"
            ],
            [
                "0.52346957",
                2,
                "0.000 < X1 < 0.740",
                "0.723512",
                "[0.         0.723512   0.27648804]"
            ],
            [
                "0.23012137",
                4,
                "X2 < 0.899",
                "0.47970968",
                "[0.         0.47970966 0.5202903 ]"
            ],
            [
                "0.039149858",
                5,
                "0.899 < X2 < 1.500",
                "0.19786324",
                "[0.04565355 0.17634882 0.7779976 ]"
            ],
            [
                "0.008931908",
                6,
                "1.500 < X2 < 2.101",
                "0.094508775",
                "[0.1572919  0.04430563 0.7984024 ]"
            ]
        ]
    }
}