{
    "dataset": "TwoDiamonds",
    "kmeans_centroids": [
        {
            "centroid": 0,
            "values": {
                "X1": 3.0840872249999998,
                "X2": -0.0020558000000000095
            },
            "prediction": "[0.8726738 0.1273262]",
            "class": "0",
            "rules": [
                {
                    "rule": "X1 > 2.800",
                    "mass_class_1": 0.8455608487129211,
                    "mass_class_2": 0.0,
                    "uncertainty": 0.15443916618824005
                },
                {
                    "rule": "-0.290 < X2 < 0.001",
                    "mass_class_1": 0.12086134403944016,
                    "mass_class_2": 0.06943022459745407,
                    "uncertainty": 0.8097084164619446
                }
            ]
        },
        {
            "centroid": 1,
            "values": {
                "X1": 1.0043701000000003,
                "X2": 0.0044222524999999934
            },
            "prediction": "[0.12498999 0.87501   ]",
            "class": "1",
            "rules": [
                {
                    "rule": "X1 < 1.288",
                    "mass_class_1": 0.0,
                    "mass_class_2": 0.8687694072723389,
                    "uncertainty": 0.13123056292533875
                },
                {
                    "rule": "0.001 < X2 < 0.293",
                    "mass_class_1": 0.13358807563781738,
                    "mass_class_2": 0.05691317841410637,
                    "uncertainty": 0.8094987273216248
                }
            ]
        }
    ],
    "dsc_rules": {
        "0": [
            [
                "0.71497315",
                3,
                "X1 > 2.800",
                "0.84556085",
                "[0.84556085 0.         0.15443917]"
            ],
            [
                "0.58218646",
                2,
                "2.044 < X1 < 2.800",
                "0.76301146",
                "[0.76301146 0.         0.23698854]"
            ],
            [
                "0.027926467",
                4,
                "X2 < -0.290",
                "0.16711214",
                "[0.14600311 0.04526999 0.8087269 ]"
            ],
            [
                "0.025725279",
                7,
                "X2 > 0.293",
                "0.16039102",
                "[0.13732953 0.04999563 0.8126748 ]"
            ],
            [
                "0.025448699",
                6,
                "0.001 < X2 < 0.293",
                "0.15952648",
                "[0.13358808 0.05691318 0.8094987 ]"
            ],
            [
                "0.022998897",
                5,
                "-0.290 < X2 < 0.001",
                "0.15165387",
                "[0.12086134 0.06943022 0.8097084 ]"
            ]
        ],
        "1": [
            [
                "0.75476027",
                0,
                "X1 < 1.288",
                "0.8687694",
                "[0.         0.8687694  0.13123056]"
            ],
            [
                "0.64314955",
                1,
                "1.288 < X1 < 2.044",
                "0.8019661",
                "[0.         0.8019661  0.19803391]"
            ],
            [
                "0.013211987",
                5,
                "-0.290 < X2 < 0.001",
                "0.11494341",
                "[0.12086134 0.06943022 0.8097084 ]"
            ],
            [
                "0.010842033",
                6,
                "0.001 < X2 < 0.293",
                "0.10412508",
                "[0.13358808 0.05691318 0.8094987 ]"
            ],
            [
                "0.009365441",
                7,
                "X2 > 0.293",
                "0.09677521",
                "[0.13732953 0.04999563 0.8126748 ]"
            ],
            [
                "0.008658931",
                4,
                "X2 < -0.290",
                "0.09305338",
                "[0.14600311 0.04526999 0.8087269 ]"
            ]
        ]
    }
}