{
    "dataset": "EngyTime",
    "kmeans_centroids": [
        {
            "centroid": 0,
            "values": {
                "X1": 1.9740564084769443,
                "X2": 2.959755050302747
            },
            "prediction": "[0.96744096 0.03255907]",
            "class": "0",
            "rules": [
                {
                    "rule": "X2 > 2.883",
                    "mass_class_1": 0.9692134857177734,
                    "mass_class_2": 0.0,
                    "uncertainty": 0.030786529183387756
                },
                {
                    "rule": "1.279 < X1 < 2.260",
                    "mass_class_1": 0.055140625685453415,
                    "mass_class_2": 0.1356685608625412,
                    "uncertainty": 0.8091908693313599
                }
            ]
        },
        {
            "centroid": 1,
            "values": {
                "X1": 0.5140143535146234,
                "X2": 0.34178288096459664
            },
            "prediction": "[0.03963886 0.9603612 ]",
            "class": "1",
            "rules": [
                {
                    "rule": "X2 < 0.545",
                    "mass_class_1": 0.0,
                    "mass_class_2": 0.922627866268158,
                    "uncertainty": 0.07737210392951965
                },
                {
                    "rule": "0.299 < X1 < 1.279",
                    "mass_class_1": 0.0,
                    "mass_class_2": 0.466539591550827,
                    "uncertainty": 0.5334603786468506
                }
            ]
        }
    ],
    "dsc_rules": {
        "0": [
            [
                "0.9393748",
                7,
                "X2 > 2.883",
                "0.9692135",
                "[0.9692135  0.         0.03078653]"
            ],
            [
                "0.7527047",
                3,
                "X1 > 2.260",
                "0.86758554",
                "[0.86758554 0.         0.13241448]"
            ],
            [
                "0.35369053",
                6,
                "1.714 < X2 < 2.883",
                "0.5947189",
                "[0.5947189  0.         0.40528113]"
            ],
            [
                "0.010521335",
                2,
                "1.279 < X1 < 2.260",
                "0.10257356",
                "[0.05514063 0.13566856 0.80919087]"
            ]
        ],
        "1": [
            [
                "0.85124224",
                4,
                "X2 < 0.545",
                "0.9226279",
                "[0.         0.92262787 0.0773721 ]"
            ],
            [
                "0.70929956",
                0,
                "X1 < 0.299",
                "0.84219927",
                "[0.         0.84219927 0.15780076]"
            ],
            [
                "0.459507",
                5,
                "0.545 < X2 < 1.714",
                "0.67786944",
                "[0.         0.67786944 0.32213053]"
            ],
            [
                "0.2176592",
                1,
                "0.299 < X1 < 1.279",
                "0.46653962",
                "[0.        0.4665396 0.5334604]"
            ],
            [
                "0.0258868",
                2,
                "1.279 < X1 < 2.260",
                "0.16089375",
                "[0.05514063 0.13566856 0.80919087]"
            ]
        ]
    }
}