{
    "dataset": "TwoDiamonds",
    "kmeans_centroids": [
        {
            "centroid": 0,
            "values": {
                "X1": 3.084087225,
                "X2": -0.0020558000000000095
            },
            "prediction": "[0.8241507 0.1758493]",
            "class": "0",
            "rules": [
                {
                    "rule": "X1 > 2.800",
                    "mass_class_1": 0.824621319770813,
                    "mass_class_2": 0.0,
                    "uncertainty": 0.1753787100315094
                },
                {
                    "rule": "-0.290 < X2 < 0.001",
                    "mass_class_1": 0.005642906296998262,
                    "mass_class_2": 0.1826930195093155,
                    "uncertainty": 0.8116640448570251
                }
            ]
        },
        {
            "centroid": 1,
            "values": {
                "X1": 1.0043701000000003,
                "X2": 0.0044222524999999934
            },
            "prediction": "[0.17963856 0.82036144]",
            "class": "1",
            "rules": [
                {
                    "rule": "X1 < 1.288",
                    "mass_class_1": 0.0,
                    "mass_class_2": 0.7481036186218262,
                    "uncertainty": 0.25189638137817383
                },
                {
                    "rule": "0.001 < X2 < 0.293",
                    "mass_class_1": 0.02265472337603569,
                    "mass_class_2": 0.1503884494304657,
                    "uncertainty": 0.8269568085670471
                }
            ]
        }
    ],
    "dsc_rules": {
        "0": [
            [
                "0.7085583",
                2,
                "2.044 < X1 < 2.800",
                "0.8417591",
                "[0.841759   0.         0.15824094]"
            ],
            [
                "0.6800003",
                3,
                "X1 > 2.800",
                "0.8246213",
                "[0.8246213  0.         0.17537871]"
            ],
            [
                "0.0052788593",
                4,
                "X2 < -0.290",
                "0.07265576",
                "[0.02803648 0.16024894 0.8117146 ]"
            ],
            [
                "0.0039202454",
                6,
                "0.001 < X2 < 0.293",
                "0.06261186",
                "[0.02265472 0.15038845 0.8269568 ]"
            ],
            [
                "0.003269875",
                7,
                "X2 > 0.293",
                "0.05718282",
                "[0.01758518 0.16835973 0.8140551 ]"
            ],
            [
                "0.0010627621",
                5,
                "-0.290 < X2 < 0.001",
                "0.032600034",
                "[0.00564291 0.18269302 0.81166404]"
            ]
        ],
        "1": [
            [
                "0.6374819",
                1,
                "1.288 < X1 < 2.044",
                "0.79842466",
                "[0.         0.79842466 0.20157535]"
            ],
            [
                "0.559659",
                0,
                "X1 < 1.288",
                "0.7481036",
                "[0.         0.7481036  0.25189638]"
            ],
            [
                "0.034407664",
                5,
                "-0.290 < X2 < 0.001",
                "0.18549304",
                "[0.00564291 0.18269302 0.81166404]"
            ],
            [
                "0.031305633",
                7,
                "X2 > 0.293",
                "0.17693397",
                "[0.01758518 0.16835973 0.8140551 ]"
            ],
            [
                "0.030172536",
                4,
                "X2 < -0.290",
                "0.17370243",
                "[0.02803648 0.16024894 0.8117146 ]"
            ],
            [
                "0.026023697",
                6,
                "0.001 < X2 < 0.293",
                "0.16131862",
                "[0.02265472 0.15038845 0.8269568 ]"
            ]
        ]
    }
}