{
    "dataset": "WingNut",
    "kmeans_centroids": [
        {
            "centroid": 0,
            "values": {
                "X1": 0.9212998451676533,
                "X2": 1.0521627188856013
            },
            "prediction": "[0.87289417 0.12710579]",
            "class": "0",
            "rules": [
                {
                    "rule": "X1 > 0.740",
                    "mass_class_1": 0.8356378078460693,
                    "mass_class_2": 0.0,
                    "uncertainty": 0.16436219215393066
                },
                {
                    "rule": "0.899 < X2 < 1.500",
                    "mass_class_1": 0.15050376951694489,
                    "mass_class_2": 0.041130129247903824,
                    "uncertainty": 0.8083661198616028
                }
            ]
        },
        {
            "centroid": 1,
            "values": {
                "X1": -0.9176798064833009,
                "X2": 1.9460776082121805
            },
            "prediction": "[0.14364778 0.8563522 ]",
            "class": "1",
            "rules": [
                {
                    "rule": "X1 < -0.740",
                    "mass_class_1": 0.0,
                    "mass_class_2": 0.8037998080253601,
                    "uncertainty": 0.1962001621723175
                },
                {
                    "rule": "1.500 < X2 < 2.101",
                    "mass_class_1": 0.033327870070934296,
                    "mass_class_2": 0.17353148758411407,
                    "uncertainty": 0.7931406497955322
                }
            ]
        }
    ],
    "dsc_rules": {
        "0": [
            [
                "0.6982905",
                3,
                "X1 > 0.740",
                "0.8356378",
                "[0.8356378  0.         0.16436219]"
            ],
            [
                "0.47615477",
                2,
                "0.000 < X1 < 0.740",
                "0.6900397",
                "[0.6900397 0.        0.3099603]"
            ],
            [
                "0.27239254",
                4,
                "X2 < 0.899",
                "0.5219124",
                "[0.5219124 0.        0.4780876]"
            ],
            [
                "0.028841622",
                5,
                "0.899 < X2 < 1.500",
                "0.1698282",
                "[0.15050377 0.04113013 0.8083661 ]"
            ],
            [
                "0.0068941815",
                6,
                "1.500 < X2 < 2.101",
                "0.08303121",
                "[0.03332787 0.17353149 0.79314065]"
            ]
        ],
        "1": [
            [
                "0.6460942",
                0,
                "X1 < -0.740",
                "0.80379987",
                "[0.         0.8037998  0.19620016]"
            ],
            [
                "0.52943605",
                1,
                "-0.740 < X1 < 0.000",
                "0.7276236",
                "[0.        0.7276236 0.2723764]"
            ],
            [
                "0.28424138",
                7,
                "X2 > 2.101",
                "0.5331429",
                "[0.         0.5331429  0.46685708]"
            ],
            [
                "0.03589661",
                6,
                "1.500 < X2 < 2.101",
                "0.189464",
                "[0.03332787 0.17353149 0.79314065]"
            ],
            [
                "0.007881926",
                5,
                "0.899 < X2 < 1.500",
                "0.08878022",
                "[0.15050377 0.04113013 0.8083661 ]"
            ]
        ]
    }
}