{
    "dataset": "Uniform",
    "kmeans_centroids": [
        {
            "centroid": 0,
            "values": {
                "x": -2.4032357259661397,
                "y": 0.0
            },
            "prediction": "[0.8281137 0.1718863]",
            "class": "0",
            "rules": [
                {
                    "rule": "x < -1.791",
                    "mass_class_1": 0.7480400800704956,
                    "mass_class_2": 0.0,
                    "uncertainty": 0.2519599199295044
                },
                {
                    "rule": "y = 0.0",
                    "mass_class_1": 0.1812121421098709,
                    "mass_class_2": 0.006079612299799919,
                    "uncertainty": 0.8127082586288452
                }
            ]
        },
        {
            "centroid": 1,
            "values": {
                "x": 2.4290129590385106,
                "y": 0.0
            },
            "prediction": "[0.1496919 0.8503081]",
            "class": "1",
            "rules": [
                {
                    "rule": "x > 2.010",
                    "mass_class_1": 0.0,
                    "mass_class_2": 0.8549754023551941,
                    "uncertainty": 0.1450246274471283
                },
                {
                    "rule": "y = 0.0",
                    "mass_class_1": 0.1812121421098709,
                    "mass_class_2": 0.006079612299799919,
                    "uncertainty": 0.8127082586288452
                }
            ]
        }
    ],
    "dsc_rules": {
        "0": [
            [
                "0.6903848",
                1,
                "-1.791 < x < 0.110",
                "0.830894",
                "[0.830894 0.       0.169106]"
            ],
            [
                "0.55956393",
                0,
                "x < -1.791",
                "0.7480401",
                "[0.7480401  0.         0.25195992]"
            ],
            [
                "0.033939537",
                4,
                "y = 0.0",
                "0.18422686",
                "[0.18121214 0.00607961 0.81270826]"
            ]
        ],
        "1": [
            [
                "0.7630666",
                2,
                "0.110 < x < 2.010",
                "0.8735368",
                "[0.         0.8735368  0.12646317]"
            ],
            [
                "0.7309829",
                3,
                "x > 2.010",
                "0.8549754",
                "[0.         0.8549754  0.14502463]"
            ],
            [
                "0.0011386612",
                4,
                "y = 0.0",
                "0.033744052",
                "[0.18121214 0.00607961 0.81270826]"
            ]
        ]
    }
}