{
    "dataset": "Gaussian",
    "kmeans_centroids": [
        {
            "centroid": 0,
            "values": {
                "x": 0.17778860369263239,
                "y": 0.9035088808842218
            },
            "prediction": "[0.9014344  0.09856556]",
            "class": "0",
            "rules": [
                {
                    "rule": "x < 0.304",
                    "mass_class_1": 0.704738438129425,
                    "mass_class_2": 0.0,
                    "uncertainty": 0.29526156187057495
                },
                {
                    "rule": "y > 0.838",
                    "mass_class_1": 0.6296740770339966,
                    "mass_class_2": 0.0,
                    "uncertainty": 0.3703259527683258
                }
            ]
        },
        {
            "centroid": 1,
            "values": {
                "x": 1.1928591125867567,
                "y": 0.18145611956065327
            },
            "prediction": "[0.08532111 0.9146789 ]",
            "class": "1",
            "rules": [
                {
                    "rule": "x > 1.067",
                    "mass_class_1": 0.0,
                    "mass_class_2": 0.7227182984352112,
                    "uncertainty": 0.27728167176246643
                },
                {
                    "rule": "y < 0.247",
                    "mass_class_1": 0.0,
                    "mass_class_2": 0.663591742515564,
                    "uncertainty": 0.33640825748443604
                }
            ]
        }
    ],
    "dsc_rules": {
        "0": [
            [
                "0.49665627",
                0,
                "x < 0.304",
                "0.70473844",
                "[0.70473844 0.         0.29526156]"
            ],
            [
                "0.48389792",
                1,
                "0.304 < x < 0.685",
                "0.69562775",
                "[0.69562775 0.         0.30437228]"
            ],
            [
                "0.39648944",
                7,
                "y > 0.838",
                "0.6296741",
                "[0.6296741  0.         0.37032595]"
            ],
            [
                "0.2607146",
                6,
                "0.542 < y < 0.838",
                "0.5106022",
                "[0.5059071  0.00943375 0.48465917]"
            ],
            [
                "0.0005509204",
                5,
                "0.247 < y < 0.542",
                "0.023471693",
                "[0.00123659 0.44427854 0.5544849 ]"
            ]
        ],
        "1": [
            [
                "0.52232176",
                3,
                "x > 1.067",
                "0.7227183",
                "[0.         0.7227183  0.27728167]"
            ],
            [
                "0.46693248",
                2,
                "0.685 < x < 1.067",
                "0.6833246",
                "[0.        0.6833246 0.3166754]"
            ],
            [
                "0.440354",
                4,
                "y < 0.247",
                "0.66359174",
                "[0.         0.66359174 0.33640826]"
            ],
            [
                "0.1979328",
                5,
                "0.247 < y < 0.542",
                "0.4448964",
                "[0.00123659 0.44427854 0.5544849 ]"
            ],
            [
                "0.004861594",
                6,
                "0.542 < y < 0.838",
                "0.06972513",
                "[0.5059071  0.00943375 0.48465917]"
            ]
        ]
    }
}