{
    "dataset": "Gaussian",
    "kmeans_centroids": [
        {
            "centroid": 0,
            "values": {
                "x": 1.1928591125867567,
                "y": 0.18145611956065327
            },
            "prediction": "[0.9111419  0.08885812]",
            "class": "0",
            "rules": [
                {
                    "rule": "x > 1.067",
                    "mass_class_1": 0.6895596981048584,
                    "mass_class_2": 0.0,
                    "uncertainty": 0.3104403018951416
                },
                {
                    "rule": "y < 0.247",
                    "mass_class_1": 0.6858529448509216,
                    "mass_class_2": 0.0,
                    "uncertainty": 0.31414708495140076
                }
            ]
        },
        {
            "centroid": 1,
            "values": {
                "x": 0.17778860369263239,
                "y": 0.9035088808842218
            },
            "prediction": "[0.12573017 0.87426984]",
            "class": "1",
            "rules": [
                {
                    "rule": "x < 0.304",
                    "mass_class_1": 0.0,
                    "mass_class_2": 0.65040522813797,
                    "uncertainty": 0.34959477186203003
                },
                {
                    "rule": "y > 0.838",
                    "mass_class_1": 0.0,
                    "mass_class_2": 0.5886333584785461,
                    "uncertainty": 0.41136664152145386
                }
            ]
        }
    ],
    "dsc_rules": {
        "0": [
            [
                "0.47549257",
                3,
                "x > 1.067",
                "0.6895597",
                "[0.6895597 0.        0.3104403]"
            ],
            [
                "0.47039422",
                4,
                "y < 0.247",
                "0.68585294",
                "[0.68585294 0.         0.31414708]"
            ],
            [
                "0.37159452",
                2,
                "0.685 < x < 1.067",
                "0.6095855",
                "[0.6095855 0.        0.3904145]"
            ],
            [
                "0.22014274",
                5,
                "0.247 < y < 0.542",
                "0.4691937",
                "[0.46303397 0.01240139 0.5245646 ]"
            ],
            [
                "0.0016472271",
                6,
                "0.542 < y < 0.838",
                "0.040586047",
                "[0.00306935 0.5336009  0.46332976]"
            ]
        ],
        "1": [
            [
                "0.42302695",
                0,
                "x < 0.304",
                "0.6504052",
                "[0.         0.6504052  0.34959477]"
            ],
            [
                "0.41298655",
                1,
                "0.304 < x < 0.685",
                "0.6426403",
                "[0.        0.6426403 0.3573597]"
            ],
            [
                "0.34648922",
                7,
                "y > 0.838",
                "0.58863336",
                "[0.         0.58863336 0.41136664]"
            ],
            [
                "0.2863677",
                6,
                "0.542 < y < 0.838",
                "0.53513336",
                "[0.00306935 0.5336009  0.46332976]"
            ],
            [
                "0.005896058",
                5,
                "0.247 < y < 0.542",
                "0.076785795",
                "[0.46303397 0.01240139 0.5245646 ]"
            ]
        ]
    }
}