{
    "dataset": "TwoDiamonds",
    "kmeans_centroids": [
        {
            "centroid": 0,
            "values": {
                "X1": 1.0043701000000003,
                "X2": 0.0044222524999999934
            },
            "prediction": "[0.8205424 0.1794576]",
            "class": "0",
            "rules": [
                {
                    "rule": "X1 < 1.288",
                    "mass_class_1": 0.7750422954559326,
                    "mass_class_2": 0.0,
                    "uncertainty": 0.22495770454406738
                },
                {
                    "rule": "0.001 < X2 < 0.293",
                    "mass_class_1": 0.10915066301822662,
                    "mass_class_2": 0.08368604630231857,
                    "uncertainty": 0.8071632981300354
                }
            ]
        },
        {
            "centroid": 1,
            "values": {
                "X1": 3.084087225,
                "X2": -0.0020558000000000095
            },
            "prediction": "[0.17922899 0.82077104]",
            "class": "1",
            "rules": [
                {
                    "rule": "X1 > 2.800",
                    "mass_class_1": 0.0,
                    "mass_class_2": 0.7993824481964111,
                    "uncertainty": 0.20061752200126648
                },
                {
                    "rule": "-0.290 < X2 < 0.001",
                    "mass_class_1": 0.12826400995254517,
                    "mass_class_2": 0.051139604300260544,
                    "uncertainty": 0.8205963969230652
                }
            ]
        }
    ],
    "dsc_rules": {
        "0": [
            [
                "0.70870507",
                1,
                "1.288 < X1 < 2.044",
                "0.8418462",
                "[0.8418462  0.         0.15815376]"
            ],
            [
                "0.60069054",
                0,
                "X1 < 1.288",
                "0.7750423",
                "[0.7750423 0.        0.2249577]"
            ],
            [
                "0.023011025",
                5,
                "-0.290 < X2 < 0.001",
                "0.15169385",
                "[0.12826401 0.0511396  0.8205964 ]"
            ],
            [
                "0.021048253",
                6,
                "0.001 < X2 < 0.293",
                "0.14508016",
                "[0.10915066 0.08368605 0.8071633 ]"
            ],
            [
                "0.021017639",
                7,
                "X2 > 0.293",
                "0.14497462",
                "[0.1145114  0.06903052 0.8164581 ]"
            ],
            [
                "0.019294713",
                4,
                "X2 < -0.290",
                "0.1389054",
                "[0.10704014 0.07321661 0.8197432 ]"
            ]
        ],
        "1": [
            [
                "0.71808535",
                2,
                "2.044 < X1 < 2.800",
                "0.8473992",
                "[0.         0.8473992  0.15260082]"
            ],
            [
                "0.6390123",
                3,
                "X1 > 2.800",
                "0.79938245",
                "[0.         0.79938245 0.20061752]"
            ],
            [
                "0.016137742",
                6,
                "0.001 < X2 < 0.293",
                "0.12703441",
                "[0.10915066 0.08368605 0.8071633 ]"
            ],
            [
                "0.013197791",
                4,
                "X2 < -0.290",
                "0.114881635",
                "[0.10704014 0.07321661 0.8197432 ]"
            ],
            [
                "0.012669992",
                7,
                "X2 > 0.293",
                "0.112561055",
                "[0.1145114  0.06903052 0.8164581 ]"
            ],
            [
                "0.009174629",
                5,
                "-0.290 < X2 < 0.001",
                "0.095784284",
                "[0.12826401 0.0511396  0.8205964 ]"
            ]
        ]
    }
}