{
    "dataset": "Gaussian",
    "kmeans_centroids": [
        {
            "centroid": 0,
            "values": {
                "x": 1.1928591125867567,
                "y": 0.18145611956065327
            },
            "prediction": "[0.90517354 0.09482649]",
            "class": "0",
            "rules": [
                {
                    "rule": "y < 0.247",
                    "mass_class_1": 0.6801426410675049,
                    "mass_class_2": 0.0,
                    "uncertainty": 0.3198573589324951
                },
                {
                    "rule": "x > 1.067",
                    "mass_class_1": 0.6724772453308105,
                    "mass_class_2": 0.0,
                    "uncertainty": 0.32752275466918945
                }
            ]
        },
        {
            "centroid": 1,
            "values": {
                "x": 0.17778860369263239,
                "y": 0.9035088808842218
            },
            "prediction": "[0.07482129 0.92517865]",
            "class": "1",
            "rules": [
                {
                    "rule": "x < 0.304",
                    "mass_class_1": 0.0,
                    "mass_class_2": 0.7496029734611511,
                    "uncertainty": 0.2503970265388489
                },
                {
                    "rule": "y > 0.838",
                    "mass_class_1": 0.0,
                    "mass_class_2": 0.6770239472389221,
                    "uncertainty": 0.32297608256340027
                }
            ]
        }
    ],
    "dsc_rules": {
        "0": [
            [
                "0.462594",
                4,
                "y < 0.247",
                "0.68014264",
                "[0.68014264 0.         0.31985736]"
            ],
            [
                "0.45222566",
                3,
                "x > 1.067",
                "0.67247725",
                "[0.67247725 0.         0.32752275]"
            ],
            [
                "0.39849615",
                2,
                "0.685 < x < 1.067",
                "0.6312655",
                "[0.6312655  0.         0.36873448]"
            ],
            [
                "0.26071164",
                5,
                "0.247 < y < 0.542",
                "0.5105993",
                "[0.5105993 0.        0.4894007]"
            ],
            [
                "0.003901497",
                6,
                "0.542 < y < 0.838",
                "0.062461965",
                "[0.00862295 0.44383195 0.54754514]"
            ]
        ],
        "1": [
            [
                "0.5619046",
                0,
                "x < 0.304",
                "0.749603",
                "[0.         0.749603   0.25039703]"
            ],
            [
                "0.49057233",
                1,
                "0.304 < x < 0.685",
                "0.7004087",
                "[0.         0.7004087  0.29959127]"
            ],
            [
                "0.4583614",
                7,
                "y > 0.838",
                "0.67702395",
                "[0.         0.67702395 0.32297608]"
            ],
            [
                "0.20081392",
                6,
                "0.542 < y < 0.838",
                "0.44812265",
                "[0.00862295 0.44383195 0.54754514]"
            ]
        ]
    }
}