{
    "dataset": "EngyTime",
    "kmeans_centroids": [
        {
            "centroid": 0,
            "values": {
                "X1": 0.5056138134981973,
                "X2": 0.33940130293663007
            },
            "prediction": "[0.9501693  0.04983069]",
            "class": "0",
            "rules": [
                {
                    "rule": "X2 < 0.545",
                    "mass_class_1": 0.8974004983901978,
                    "mass_class_2": 0.0,
                    "uncertainty": 0.10259949415922165
                },
                {
                    "rule": "0.299 < X1 < 1.279",
                    "mass_class_1": 0.4888472855091095,
                    "mass_class_2": 0.0,
                    "uncertainty": 0.5111527442932129
                }
            ]
        },
        {
            "centroid": 1,
            "values": {
                "X1": 1.9762026320185613,
                "X2": 2.952181438051044
            },
            "prediction": "[0.05123485 0.94876516]",
            "class": "1",
            "rules": [
                {
                    "rule": "X2 > 2.883",
                    "mass_class_1": 0.0,
                    "mass_class_2": 0.9534323215484619,
                    "uncertainty": 0.04656767472624779
                },
                {
                    "rule": "1.279 < X1 < 2.260",
                    "mass_class_1": 0.1606566309928894,
                    "mass_class_2": 0.026666106656193733,
                    "uncertainty": 0.812677264213562
                }
            ]
        }
    ],
    "dsc_rules": {
        "0": [
            [
                "0.80532765",
                4,
                "X2 < 0.545",
                "0.8974005",
                "[0.8974005  0.         0.10259949]"
            ],
            [
                "0.6682774",
                0,
                "X1 < 0.299",
                "0.81748235",
                "[0.81748235 0.         0.18251766]"
            ],
            [
                "0.38408375",
                5,
                "0.545 < X2 < 1.714",
                "0.6197449",
                "[0.6197449  0.         0.38025507]"
            ],
            [
                "0.23897165",
                1,
                "0.299 < X1 < 1.279",
                "0.48884726",
                "[0.4888473  0.         0.51115274]"
            ],
            [
                "0.03009464",
                2,
                "1.279 < X1 < 2.260",
                "0.17347807",
                "[0.16065663 0.02666611 0.81267726]"
            ]
        ],
        "1": [
            [
                "0.9090332",
                7,
                "X2 > 2.883",
                "0.9534323",
                "[0.         0.9534323  0.04656767]"
            ],
            [
                "0.68152773",
                3,
                "X1 > 2.260",
                "0.8255469",
                "[0.        0.8255469 0.1744531]"
            ],
            [
                "0.35017467",
                6,
                "1.714 < X2 < 2.883",
                "0.59175557",
                "[0.         0.59175557 0.40824443]"
            ],
            [
                "0.004995168",
                2,
                "1.279 < X1 < 2.260",
                "0.070676506",
                "[0.16065663 0.02666611 0.81267726]"
            ]
        ]
    }
}