{
    "dataset": "Rectangle",
    "kmeans_centroids": [
        {
            "centroid": 0,
            "values": {
                "x": -0.04633624711765774,
                "y": 0.5759678248423153
            },
            "prediction": "[0.8483467  0.15165329]",
            "class": "0",
            "rules": [
                {
                    "rule": "y > 0.410",
                    "mass_class_1": 0.819023072719574,
                    "mass_class_2": 0.0,
                    "uncertainty": 0.18097692728042603
                },
                {
                    "rule": "-0.412 < x < -0.021",
                    "mass_class_1": 0.09569881856441498,
                    "mass_class_2": 0.08450105041265488,
                    "uncertainty": 0.819800078868866
                }
            ]
        },
        {
            "centroid": 1,
            "values": {
                "x": 0.00419824629615826,
                "y": -0.5865640830423053
            },
            "prediction": "[0.14580718 0.8541928 ]",
            "class": "1",
            "rules": [
                {
                    "rule": "y < -0.441",
                    "mass_class_1": 0.0,
                    "mass_class_2": 0.8067014813423157,
                    "uncertainty": 0.19329850375652313
                },
                {
                    "rule": "-0.021 < x < 0.371",
                    "mass_class_1": 0.04201459139585495,
                    "mass_class_2": 0.1540330946445465,
                    "uncertainty": 0.8039522767066956
                }
            ]
        }
    ],
    "dsc_rules": {
        "0": [
            [
                "0.6707988",
                7,
                "y > 0.410",
                "0.8190231",
                "[0.8190231  0.         0.18097693]"
            ],
            [
                "0.6469872",
                6,
                "-0.016 < y < 0.410",
                "0.80435514",
                "[0.80435514 0.         0.19564484]"
            ],
            [
                "0.020226378",
                0,
                "x < -0.412",
                "0.14221947",
                "[0.10619541 0.08426836 0.8095362 ]"
            ],
            [
                "0.01724492",
                1,
                "-0.412 < x < -0.021",
                "0.13131991",
                "[0.09569882 0.08450105 0.8198001 ]"
            ],
            [
                "0.013880583",
                3,
                "x > 0.371",
                "0.11781589",
                "[0.0749428  0.11027288 0.8147843 ]"
            ],
            [
                "0.008236865",
                2,
                "-0.021 < x < 0.371",
                "0.09075718",
                "[0.04201459 0.1540331  0.8039523 ]"
            ]
        ],
        "1": [
            [
                "0.666724",
                5,
                "-0.441 < y < -0.016",
                "0.8165317",
                "[0.         0.8165317  0.18346828]"
            ],
            [
                "0.65076727",
                4,
                "y < -0.441",
                "0.8067015",
                "[0.        0.8067015 0.1932985]"
            ],
            [
                "0.030197838",
                2,
                "-0.021 < x < 0.371",
                "0.17377526",
                "[0.04201459 0.1540331  0.8039523 ]"
            ],
            [
                "0.020424271",
                3,
                "x > 0.371",
                "0.1429135",
                "[0.0749428  0.11027288 0.8147843 ]"
            ],
            [
                "0.01605007",
                0,
                "x < -0.412",
                "0.12668887",
                "[0.10619541 0.08426836 0.8095362 ]"
            ],
            [
                "0.015227082",
                1,
                "-0.412 < x < -0.021",
                "0.123398066",
                "[0.09569882 0.08450105 0.8198001 ]"
            ]
        ]
    }
}