{
    "dataset": "Gaussian",
    "kmeans_centroids": [
        {
            "centroid": 0,
            "values": {
                "x": 1.1928591125867567,
                "y": 0.18145611956065327
            },
            "prediction": "[0.9198201  0.08017994]",
            "class": "0",
            "rules": [
                {
                    "rule": "x > 1.067",
                    "mass_class_1": 0.7191368341445923,
                    "mass_class_2": 0.0,
                    "uncertainty": 0.2808631658554077
                },
                {
                    "rule": "y < 0.247",
                    "mass_class_1": 0.6896383166313171,
                    "mass_class_2": 0.0,
                    "uncertainty": 0.3103616535663605
                }
            ]
        },
        {
            "centroid": 1,
            "values": {
                "x": 0.17778860369263239,
                "y": 0.9035088808842218
            },
            "prediction": "[0.08845928 0.9115407 ]",
            "class": "1",
            "rules": [
                {
                    "rule": "y > 0.838",
                    "mass_class_1": 0.0,
                    "mass_class_2": 0.7175688147544861,
                    "uncertainty": 0.28243115544319153
                },
                {
                    "rule": "x < 0.304",
                    "mass_class_1": 0.0,
                    "mass_class_2": 0.6563987731933594,
                    "uncertainty": 0.3436012268066406
                }
            ]
        }
    ],
    "dsc_rules": {
        "0": [
            [
                "0.5171578",
                3,
                "x > 1.067",
                "0.71913683",
                "[0.71913683 0.         0.28086317]"
            ],
            [
                "0.47560105",
                4,
                "y < 0.247",
                "0.6896383",
                "[0.6896383  0.         0.31036165]"
            ],
            [
                "0.39461288",
                2,
                "0.685 < x < 1.067",
                "0.6281822",
                "[0.62818223 0.         0.3718178 ]"
            ],
            [
                "0.18070172",
                5,
                "0.247 < y < 0.542",
                "0.42509025",
                "[4.2508793e-01 4.6480063e-06 5.7490742e-01]"
            ]
        ],
        "1": [
            [
                "0.51490504",
                7,
                "y > 0.838",
                "0.7175688",
                "[0.         0.7175688  0.28243116]"
            ],
            [
                "0.43085936",
                0,
                "x < 0.304",
                "0.6563988",
                "[0.         0.6563988  0.34360123]"
            ],
            [
                "0.39726296",
                1,
                "0.304 < x < 0.685",
                "0.630288",
                "[0.       0.630288 0.369712]"
            ],
            [
                "0.2630417",
                6,
                "0.542 < y < 0.838",
                "0.5128759",
                "[0.        0.5128759 0.4871241]"
            ]
        ]
    }
}