{
    "dataset": "WingNut",
    "kmeans_centroids": [
        {
            "centroid": 0,
            "values": {
                "X1": 0.9212998451676532,
                "X2": 1.0521627188856013
            },
            "prediction": "[0.84127444 0.15872563]",
            "class": "0",
            "rules": [
                {
                    "rule": "X1 > 0.740",
                    "mass_class_1": 0.7315855026245117,
                    "mass_class_2": 0.0,
                    "uncertainty": 0.2684144675731659
                },
                {
                    "rule": "0.899 < X2 < 1.500",
                    "mass_class_1": 0.29708394408226013,
                    "mass_class_2": 0.0,
                    "uncertainty": 0.7029160857200623
                }
            ]
        },
        {
            "centroid": 1,
            "values": {
                "X1": -0.9176798064833008,
                "X2": 1.9460776082121805
            },
            "prediction": "[0.13117374 0.86882627]",
            "class": "1",
            "rules": [
                {
                    "rule": "X1 < -0.740",
                    "mass_class_1": 0.0,
                    "mass_class_2": 0.8636209964752197,
                    "uncertainty": 0.13637898862361908
                },
                {
                    "rule": "1.500 < X2 < 2.101",
                    "mass_class_1": 0.1302073895931244,
                    "mass_class_2": 0.037097685039043427,
                    "uncertainty": 0.8326948881149292
                }
            ]
        }
    ],
    "dsc_rules": {
        "0": [
            [
                "0.53521734",
                3,
                "X1 > 0.740",
                "0.7315855",
                "[0.7315855  0.         0.26841447]"
            ],
            [
                "0.48073757",
                2,
                "0.000 < X1 < 0.740",
                "0.6933524",
                "[0.6933524 0.        0.3066476]"
            ],
            [
                "0.35172415",
                4,
                "X2 < 0.899",
                "0.59306335",
                "[0.59306335 0.         0.40693665]"
            ],
            [
                "0.08825886",
                5,
                "0.899 < X2 < 1.500",
                "0.29708394",
                "[0.29708394 0.         0.7029161 ]"
            ],
            [
                "0.021784361",
                6,
                "1.500 < X2 < 2.101",
                "0.14759526",
                "[0.13020739 0.03709769 0.8326949 ]"
            ],
            [
                "0.0039345007",
                7,
                "X2 > 2.101",
                "0.062725596",
                "[0.00860064 0.44886526 0.54253405]"
            ]
        ],
        "1": [
            [
                "0.7458412",
                0,
                "X1 < -0.740",
                "0.863621",
                "[0.         0.863621   0.13637899]"
            ],
            [
                "0.62633425",
                1,
                "-0.740 < X1 < 0.000",
                "0.79141283",
                "[0.         0.79141283 0.20858718]"
            ],
            [
                "0.20534058",
                7,
                "X2 > 2.101",
                "0.4531452",
                "[0.00860064 0.44886526 0.54253405]"
            ],
            [
                "0.006206632",
                6,
                "1.500 < X2 < 2.101",
                "0.07878218",
                "[0.13020739 0.03709769 0.8326949 ]"
            ]
        ]
    }
}