{
    "dataset": "Gaussian",
    "kmeans_centroids": [
        {
            "centroid": 0,
            "values": {
                "x": 0.17778860369263239,
                "y": 0.9035088808842218
            },
            "prediction": "[0.9382703 0.0617297]",
            "class": "0",
            "rules": [
                {
                    "rule": "x < 0.304",
                    "mass_class_1": 0.7870699167251587,
                    "mass_class_2": 0.0,
                    "uncertainty": 0.2129300981760025
                },
                {
                    "rule": "y > 0.838",
                    "mass_class_1": 0.6910208463668823,
                    "mass_class_2": 0.0,
                    "uncertainty": 0.3089791238307953
                }
            ]
        },
        {
            "centroid": 1,
            "values": {
                "x": 1.1928591125867567,
                "y": 0.18145611956065327
            },
            "prediction": "[0.09611831 0.9038817 ]",
            "class": "1",
            "rules": [
                {
                    "rule": "x > 1.067",
                    "mass_class_1": 0.0,
                    "mass_class_2": 0.6912795901298523,
                    "uncertainty": 0.3087204098701477
                },
                {
                    "rule": "y < 0.247",
                    "mass_class_1": 0.0,
                    "mass_class_2": 0.6555476188659668,
                    "uncertainty": 0.3444523811340332
                }
            ]
        }
    ],
    "dsc_rules": {
        "0": [
            [
                "0.61947906",
                0,
                "x < 0.304",
                "0.7870699",
                "[0.7870699 0.        0.2129301]"
            ],
            [
                "0.48018962",
                1,
                "0.304 < x < 0.685",
                "0.69295716",
                "[0.69295716 0.         0.30704287]"
            ],
            [
                "0.4775098",
                7,
                "y > 0.838",
                "0.69102085",
                "[0.69102085 0.         0.30897912]"
            ],
            [
                "0.20532186",
                6,
                "0.542 < y < 0.838",
                "0.45312455",
                "[0.437203   0.03242293 0.53037405]"
            ]
        ],
        "1": [
            [
                "0.47786748",
                3,
                "x > 1.067",
                "0.6912796",
                "[0.        0.6912796 0.3087204]"
            ],
            [
                "0.45179984",
                2,
                "0.685 < x < 1.067",
                "0.67216057",
                "[0.         0.67216057 0.32783943]"
            ],
            [
                "0.4297427",
                4,
                "y < 0.247",
                "0.6555476",
                "[0.         0.6555476  0.34445238]"
            ],
            [
                "0.22659703",
                5,
                "0.247 < y < 0.542",
                "0.4760221",
                "[0.         0.4760221  0.52397794]"
            ],
            [
                "0.015226651",
                6,
                "0.542 < y < 0.838",
                "0.123396315",
                "[0.437203   0.03242293 0.53037405]"
            ]
        ]
    }
}