{
    "dataset": "Uniform",
    "kmeans_centroids": [
        {
            "centroid": 0,
            "values": {
                "x": 2.4477827298366566,
                "y": 0.0
            },
            "prediction": "[0.8476907 0.1523093]",
            "class": "0",
            "rules": [
                {
                    "rule": "x > 2.010",
                    "mass_class_1": 0.800204873085022,
                    "mass_class_2": 0.0,
                    "uncertainty": 0.19979511201381683
                },
                {
                    "rule": "y = 0.0",
                    "mass_class_1": 0.14220449328422546,
                    "mass_class_2": 0.04615103453397751,
                    "uncertainty": 0.8116444945335388
                }
            ]
        },
        {
            "centroid": 1,
            "values": {
                "x": -2.383310533800488,
                "y": 0.0
            },
            "prediction": "[0.20254984 0.7974501 ]",
            "class": "1",
            "rules": [
                {
                    "rule": "x < -1.791",
                    "mass_class_1": 0.0,
                    "mass_class_2": 0.7715808153152466,
                    "uncertainty": 0.22841918468475342
                },
                {
                    "rule": "y = 0.0",
                    "mass_class_1": 0.14220449328422546,
                    "mass_class_2": 0.04615103453397751,
                    "uncertainty": 0.8116444945335388
                }
            ]
        }
    ],
    "dsc_rules": {
        "0": [
            [
                "0.6403278",
                3,
                "x > 2.010",
                "0.8002049",
                "[0.8002049  0.         0.19979511]"
            ],
            [
                "0.523618",
                2,
                "0.110 < x < 2.010",
                "0.7236145",
                "[0.7236145  0.         0.27638546]"
            ],
            [
                "0.026785",
                4,
                "y = 0.0",
                "0.16366123",
                "[0.1422045  0.04615103 0.8116445 ]"
            ]
        ],
        "1": [
            [
                "0.714953",
                1,
                "-1.791 < x < 0.110",
                "0.8455489",
                "[0.         0.8455489  0.15445106]"
            ],
            [
                "0.595337",
                0,
                "x < -1.791",
                "0.7715808",
                "[0.         0.7715808  0.22841918]"
            ],
            [
                "0.008692801",
                4,
                "y = 0.0",
                "0.093235195",
                "[0.1422045  0.04615103 0.8116445 ]"
            ]
        ]
    }
}