{
    "dataset": "Uniform",
    "kmeans_centroids": [
        {
            "centroid": 0,
            "values": {
                "x": -2.3635068035137694,
                "y": 0.0
            },
            "prediction": "[0.83812565 0.16187432]",
            "class": "0",
            "rules": [
                {
                    "rule": "x < -1.791",
                    "mass_class_1": 0.7913893461227417,
                    "mass_class_2": 0.0,
                    "uncertainty": 0.2086106389760971
                },
                {
                    "rule": "y = 0.0",
                    "mass_class_1": 0.1250050812959671,
                    "mass_class_2": 0.05491005256772041,
                    "uncertainty": 0.8200848698616028
                }
            ]
        },
        {
            "centroid": 1,
            "values": {
                "x": 2.466650215529293,
                "y": 0.0
            },
            "prediction": "[0.16568422 0.8343157 ]",
            "class": "1",
            "rules": [
                {
                    "rule": "x > 2.010",
                    "mass_class_1": 0.0,
                    "mass_class_2": 0.8161417841911316,
                    "uncertainty": 0.1838582456111908
                },
                {
                    "rule": "y = 0.0",
                    "mass_class_1": 0.1250050812959671,
                    "mass_class_2": 0.05491005256772041,
                    "uncertainty": 0.8200848698616028
                }
            ]
        }
    ],
    "dsc_rules": {
        "0": [
            [
                "0.6262971",
                0,
                "x < -1.791",
                "0.79138935",
                "[0.79138935 0.         0.20861064]"
            ],
            [
                "0.59018856",
                1,
                "-1.791 < x < 0.110",
                "0.7682373",
                "[0.7682373 0.        0.2317627]"
            ],
            [
                "0.022490306",
                4,
                "y = 0.0",
                "0.14996769",
                "[0.12500508 0.05491005 0.82008487]"
            ]
        ],
        "1": [
            [
                "0.68868434",
                2,
                "0.110 < x < 2.010",
                "0.8298701",
                "[0.         0.82987005 0.17012993]"
            ],
            [
                "0.6660874",
                3,
                "x > 2.010",
                "0.8161418",
                "[0.         0.8161418  0.18385825]"
            ],
            [
                "0.0098791495",
                4,
                "y = 0.0",
                "0.09939391",
                "[0.12500508 0.05491005 0.82008487]"
            ]
        ]
    }
}