{
    "dataset": "Uniform",
    "kmeans_centroids": [
        {
            "centroid": 0,
            "values": {
                "x": 2.4290129590385106,
                "y": 0.0
            },
            "prediction": "[0.81691563 0.18308432]",
            "class": "0",
            "rules": [
                {
                    "rule": "x > 2.010",
                    "mass_class_1": 0.7383300065994263,
                    "mass_class_2": 0.0,
                    "uncertainty": 0.26166999340057373
                },
                {
                    "rule": "y = 0.0",
                    "mass_class_1": 0.16044749319553375,
                    "mass_class_2": 0.019770318642258644,
                    "uncertainty": 0.8197821974754333
                }
            ]
        },
        {
            "centroid": 1,
            "values": {
                "x": -2.4032357259661397,
                "y": 0.0
            },
            "prediction": "[0.16970193 0.83029807]",
            "class": "1",
            "rules": [
                {
                    "rule": "x < -1.791",
                    "mass_class_1": 0.0,
                    "mass_class_2": 0.8249456882476807,
                    "uncertainty": 0.17505431175231934
                },
                {
                    "rule": "y = 0.0",
                    "mass_class_1": 0.16044749319553375,
                    "mass_class_2": 0.019770318642258644,
                    "uncertainty": 0.8197821974754333
                }
            ]
        }
    ],
    "dsc_rules": {
        "0": [
            [
                "0.62608844",
                2,
                "0.110 < x < 2.010",
                "0.7912575",
                "[0.7912575  0.         0.20874248]"
            ],
            [
                "0.5451312",
                3,
                "x > 2.010",
                "0.73833",
                "[0.73833 0.      0.26167]"
            ],
            [
                "0.028915495",
                4,
                "y = 0.0",
                "0.17004557",
                "[0.1604475  0.01977032 0.8197822 ]"
            ]
        ],
        "1": [
            [
                "0.6805354",
                0,
                "x < -1.791",
                "0.8249457",
                "[0.         0.8249457  0.17505431]"
            ],
            [
                "0.6225596",
                1,
                "-1.791 < x < 0.110",
                "0.7890245",
                "[0.         0.7890245  0.21097551]"
            ],
            [
                "0.0035629633",
                4,
                "y = 0.0",
                "0.059690565",
                "[0.1604475  0.01977032 0.8197822 ]"
            ]
        ]
    }
}