{
    "dataset": "EngyTime",
    "kmeans_centroids": [
        {
            "centroid": 0,
            "values": {
                "X1": 0.5047955701030933,
                "X2": 0.33897749278350475
            },
            "prediction": "[0.9616203  0.03837972]",
            "class": "0",
            "rules": [
                {
                    "rule": "X2 < 0.545",
                    "mass_class_1": 0.913777232170105,
                    "mass_class_2": 0.0,
                    "uncertainty": 0.08622278273105621
                },
                {
                    "rule": "0.299 < X1 < 1.279",
                    "mass_class_1": 0.537111759185791,
                    "mass_class_2": 0.0,
                    "uncertainty": 0.462888240814209
                }
            ]
        },
        {
            "centroid": 1,
            "values": {
                "X1": 1.9762568079777365,
                "X2": 2.9513509239332096
            },
            "prediction": "[0.0264546 0.9735454]",
            "class": "1",
            "rules": [
                {
                    "rule": "X2 > 2.883",
                    "mass_class_1": 0.0,
                    "mass_class_2": 0.9779964089393616,
                    "uncertainty": 0.02200358733534813
                },
                {
                    "rule": "1.279 < X1 < 2.260",
                    "mass_class_1": 0.19101841747760773,
                    "mass_class_2": 0.0009433819213882089,
                    "uncertainty": 0.8080382347106934
                }
            ]
        }
    ],
    "dsc_rules": {
        "0": [
            [
                "0.83498883",
                4,
                "X2 < 0.545",
                "0.91377723",
                "[0.91377723 0.         0.08622278]"
            ],
            [
                "0.7470104",
                0,
                "X1 < 0.299",
                "0.8642976",
                "[0.8642976  0.         0.13570239]"
            ],
            [
                "0.3584702",
                5,
                "0.545 < X2 < 1.714",
                "0.5987238",
                "[0.5987238 0.        0.4012762]"
            ],
            [
                "0.28848904",
                1,
                "0.299 < X1 < 1.279",
                "0.53711176",
                "[0.53711176 0.         0.46288824]"
            ],
            [
                "0.036668234",
                2,
                "1.279 < X1 < 2.260",
                "0.19148952",
                "[0.19101842 0.00094338 0.80803823]"
            ]
        ],
        "1": [
            [
                "0.956477",
                7,
                "X2 > 2.883",
                "0.9779964",
                "[0.         0.9779964  0.02200359]"
            ],
            [
                "0.68844587",
                3,
                "X1 > 2.260",
                "0.8297264",
                "[0.         0.8297264  0.17027363]"
            ],
            [
                "0.4126078",
                6,
                "1.714 < X2 < 2.883",
                "0.64234555",
                "[0.         0.64234555 0.35765442]"
            ],
            [
                "0.00018109326",
                2,
                "1.279 < X1 < 2.260",
                "0.01345709",
                "[0.19101842 0.00094338 0.80803823]"
            ]
        ]
    }
}