{
    "dataset": "Uniform",
    "kmeans_centroids": [
        {
            "centroid": 0,
            "values": {
                "x": -2.3635068035137694,
                "y": 0.0
            },
            "prediction": "[0.82733715 0.17266284]",
            "class": "0",
            "rules": [
                {
                    "rule": "x < -1.791",
                    "mass_class_1": 0.7110738158226013,
                    "mass_class_2": 0.0,
                    "uncertainty": 0.2889261841773987
                },
                {
                    "rule": "y = 0.0",
                    "mass_class_1": 0.27768033742904663,
                    "mass_class_2": 0.0,
                    "uncertainty": 0.7223196625709534
                }
            ]
        },
        {
            "centroid": 1,
            "values": {
                "x": 2.466650215529293,
                "y": 0.0
            },
            "prediction": "[0.15419133 0.8458087 ]",
            "class": "1",
            "rules": [
                {
                    "rule": "x > 2.010",
                    "mass_class_1": 0.0,
                    "mass_class_2": 0.8683207631111145,
                    "uncertainty": 0.1316792219877243
                },
                {
                    "rule": "y = 0.0",
                    "mass_class_1": 0.27768033742904663,
                    "mass_class_2": 0.0,
                    "uncertainty": 0.7223196625709534
                }
            ]
        }
    ],
    "dsc_rules": {
        "0": [
            [
                "0.5784425",
                1,
                "-1.791 < x < 0.110",
                "0.7605541",
                "[0.7605541  0.         0.23944592]"
            ],
            [
                "0.50562596",
                0,
                "x < -1.791",
                "0.7110738",
                "[0.7110738  0.         0.28892618]"
            ],
            [
                "0.07710637",
                4,
                "y = 0.0",
                "0.27768034",
                "[0.27768034 0.         0.72231966]"
            ]
        ],
        "1": [
            [
                "0.75398093",
                3,
                "x > 2.010",
                "0.86832076",
                "[0.         0.86832076 0.13167922]"
            ],
            [
                "0.7443373",
                2,
                "0.110 < x < 2.010",
                "0.8627499",
                "[0.         0.8627499  0.13725014]"
            ]
        ]
    }
}