{
    "dataset": "Rectangle",
    "kmeans_centroids": [
        {
            "centroid": 0,
            "values": {
                "x": -0.04633624711765774,
                "y": 0.5759678248423152
            },
            "prediction": "[0.8472765  0.15272352]",
            "class": "0",
            "rules": [
                {
                    "rule": "y > 0.410",
                    "mass_class_1": 0.8123653531074524,
                    "mass_class_2": 0.0,
                    "uncertainty": 0.1876346617937088
                },
                {
                    "rule": "-0.412 < x < -0.021",
                    "mass_class_1": 0.10779201984405518,
                    "mass_class_2": 0.07125096768140793,
                    "uncertainty": 0.8209570050239563
                }
            ]
        },
        {
            "centroid": 1,
            "values": {
                "x": 0.004198246296158264,
                "y": -0.5865640830423052
            },
            "prediction": "[0.12565209 0.87434787]",
            "class": "1",
            "rules": [
                {
                    "rule": "y < -0.441",
                    "mass_class_1": 0.0,
                    "mass_class_2": 0.844555139541626,
                    "uncertainty": 0.15544486045837402
                },
                {
                    "rule": "-0.021 < x < 0.371",
                    "mass_class_1": 0.06599517911672592,
                    "mass_class_2": 0.13650816679000854,
                    "uncertainty": 0.7974966168403625
                }
            ]
        }
    ],
    "dsc_rules": {
        "0": [
            [
                "0.65993744",
                7,
                "y > 0.410",
                "0.81236535",
                "[0.81236535 0.         0.18763466]"
            ],
            [
                "0.65787435",
                6,
                "-0.016 < y < 0.410",
                "0.8110945",
                "[0.8110945  0.         0.18890548]"
            ],
            [
                "0.025021406",
                0,
                "x < -0.412",
                "0.15818156",
                "[0.13080668 0.06047869 0.8087146 ]"
            ],
            [
                "0.019299407",
                1,
                "-0.412 < x < -0.021",
                "0.1389223",
                "[0.10779202 0.07125097 0.820957  ]"
            ],
            [
                "0.018665524",
                3,
                "x > 0.371",
                "0.13662183",
                "[0.09899741 0.08954817 0.8114544 ]"
            ],
            [
                "0.013364247",
                2,
                "-0.021 < x < 0.371",
                "0.115603834",
                "[0.06599518 0.13650817 0.7974966 ]"
            ]
        ],
        "1": [
            [
                "0.7132734",
                4,
                "y < -0.441",
                "0.84455514",
                "[0.         0.84455514 0.15544486]"
            ],
            [
                "0.6164866",
                5,
                "-0.441 < y < -0.016",
                "0.7851666",
                "[0.         0.7851666  0.21483336]"
            ],
            [
                "0.027643366",
                2,
                "-0.021 < x < 0.371",
                "0.16626294",
                "[0.06599518 0.13650817 0.7974966 ]"
            ],
            [
                "0.016883912",
                3,
                "x > 0.371",
                "0.12993811",
                "[0.09899741 0.08954817 0.8114544 ]"
            ],
            [
                "0.012756987",
                1,
                "-0.412 < x < -0.021",
                "0.11294683",
                "[0.10779202 0.07125097 0.820957  ]"
            ],
            [
                "0.01156869",
                0,
                "x < -0.412",
                "0.10755784",
                "[0.13080668 0.06047869 0.8087146 ]"
            ]
        ]
    }
}