{
    "dataset": "WingNut",
    "kmeans_centroids": [
        {
            "centroid": 0,
            "values": {
                "X1": -0.9212998451676533,
                "X2": 1.947837283195266
            },
            "prediction": "[0.8612135 0.1387865]",
            "class": "0",
            "rules": [
                {
                    "rule": "X1 < -0.740",
                    "mass_class_1": 0.7981017827987671,
                    "mass_class_2": 0.0,
                    "uncertainty": 0.2018982172012329
                },
                {
                    "rule": "1.500 < X2 < 2.101",
                    "mass_class_1": 0.2056616097688675,
                    "mass_class_2": 0.004819953814148903,
                    "uncertainty": 0.789518415927887
                }
            ]
        },
        {
            "centroid": 1,
            "values": {
                "X1": 0.9176798064833009,
                "X2": 1.0539223938605107
            },
            "prediction": "[0.15183295 0.848167  ]",
            "class": "1",
            "rules": [
                {
                    "rule": "X1 > 0.740",
                    "mass_class_1": 0.0,
                    "mass_class_2": 0.8116410374641418,
                    "uncertainty": 0.18835894763469696
                },
                {
                    "rule": "0.899 < X2 < 1.500",
                    "mass_class_1": 0.06403634697198868,
                    "mass_class_2": 0.11047660559415817,
                    "uncertainty": 0.8254870176315308
                }
            ]
        }
    ],
    "dsc_rules": {
        "0": [
            [
                "0.63696647",
                0,
                "X1 < -0.740",
                "0.7981018",
                "[0.7981018  0.         0.20189822]"
            ],
            [
                "0.42781398",
                1,
                "-0.740 < X1 < 0.000",
                "0.6540749",
                "[0.6540749 0.        0.3459251]"
            ],
            [
                "0.2800978",
                7,
                "X2 > 2.101",
                "0.5292427",
                "[0.5292427  0.         0.47075734]"
            ],
            [
                "0.04328798",
                6,
                "1.500 < X2 < 2.101",
                "0.20805764",
                "[0.20566161 0.00481995 0.7895184 ]"
            ],
            [
                "0.011175174",
                5,
                "0.899 < X2 < 1.500",
                "0.1057127",
                "[0.06403635 0.11047661 0.825487  ]"
            ]
        ],
        "1": [
            [
                "0.6587612",
                3,
                "X1 > 0.740",
                "0.81164104",
                "[0.         0.81164104 0.18835895]"
            ],
            [
                "0.55504745",
                2,
                "0.000 < X1 < 0.740",
                "0.7450151",
                "[0.         0.7450151  0.25498495]"
            ],
            [
                "0.27359858",
                4,
                "X2 < 0.899",
                "0.5230665",
                "[0.         0.5230665  0.47693345]"
            ],
            [
                "0.019279601",
                5,
                "0.899 < X2 < 1.500",
                "0.138851",
                "[0.06403635 0.11047661 0.825487  ]"
            ],
            [
                "0.0010145116",
                6,
                "1.500 < X2 < 2.101",
                "0.0318514",
                "[0.20566161 0.00481995 0.7895184 ]"
            ]
        ]
    }
}