{
    "dataset": "EngyTime",
    "kmeans_centroids": [
        {
            "centroid": 0,
            "values": {
                "X1": 1.9740564084769443,
                "X2": 2.959755050302748
            },
            "prediction": "[0.9557095  0.04429046]",
            "class": "0",
            "rules": [
                {
                    "rule": "X2 > 2.883",
                    "mass_class_1": 0.9562677145004272,
                    "mass_class_2": 0.0,
                    "uncertainty": 0.043732255697250366
                },
                {
                    "rule": "1.279 < X1 < 2.260",
                    "mass_class_1": 0.06773676723241806,
                    "mass_class_2": 0.1202564388513565,
                    "uncertainty": 0.8120067715644836
                }
            ]
        },
        {
            "centroid": 1,
            "values": {
                "X1": 0.5140143535146234,
                "X2": 0.34178288096459664
            },
            "prediction": "[0.03719729 0.96280265]",
            "class": "1",
            "rules": [
                {
                    "rule": "X2 < 0.545",
                    "mass_class_1": 0.0,
                    "mass_class_2": 0.9295585751533508,
                    "uncertainty": 0.07044139504432678
                },
                {
                    "rule": "0.299 < X1 < 1.279",
                    "mass_class_1": 0.0,
                    "mass_class_2": 0.45153868198394775,
                    "uncertainty": 0.5484613180160522
                }
            ]
        }
    ],
    "dsc_rules": {
        "0": [
            [
                "0.91444796",
                7,
                "X2 > 2.883",
                "0.9562677",
                "[0.9562677  0.         0.04373226]"
            ],
            [
                "0.7687611",
                3,
                "X1 > 2.260",
                "0.8767902",
                "[0.8767902  0.         0.12320977]"
            ],
            [
                "0.31041056",
                6,
                "1.714 < X2 < 2.883",
                "0.557145",
                "[0.557145   0.         0.44285497]"
            ],
            [
                "0.012734054",
                2,
                "1.279 < X1 < 2.260",
                "0.112845264",
                "[0.06773677 0.12025644 0.8120068 ]"
            ]
        ],
        "1": [
            [
                "0.8640792",
                4,
                "X2 < 0.545",
                "0.9295586",
                "[0.        0.9295586 0.0704414]"
            ],
            [
                "0.6344137",
                0,
                "X1 < 0.299",
                "0.7965009",
                "[0.         0.7965009  0.20349908]"
            ],
            [
                "0.46394715",
                5,
                "0.545 < X2 < 1.714",
                "0.68113667",
                "[0.         0.68113667 0.31886333]"
            ],
            [
                "0.20388718",
                1,
                "0.299 < X1 < 1.279",
                "0.45153868",
                "[0.         0.45153868 0.5484613 ]"
            ],
            [
                "0.022607395",
                2,
                "1.279 < X1 < 2.260",
                "0.15035756",
                "[0.06773677 0.12025644 0.8120068 ]"
            ]
        ]
    }
}