{
    "dataset": "Gaussian",
    "kmeans_centroids": [
        {
            "centroid": 0,
            "values": {
                "x": 1.1928591125867567,
                "y": 0.18145611956065327
            },
            "prediction": "[0.8953269  0.10467307]",
            "class": "0",
            "rules": [
                {
                    "rule": "x > 1.067",
                    "mass_class_1": 0.7008742094039917,
                    "mass_class_2": 0.0,
                    "uncertainty": 0.2991257905960083
                },
                {
                    "rule": "y < 0.247",
                    "mass_class_1": 0.6091595888137817,
                    "mass_class_2": 0.0,
                    "uncertainty": 0.39084041118621826
                }
            ]
        },
        {
            "centroid": 1,
            "values": {
                "x": 0.17778860369263239,
                "y": 0.9035088808842218
            },
            "prediction": "[0.09457089 0.9054291 ]",
            "class": "1",
            "rules": [
                {
                    "rule": "x < 0.304",
                    "mass_class_1": 0.0,
                    "mass_class_2": 0.7364819645881653,
                    "uncertainty": 0.2635180652141571
                },
                {
                    "rule": "y > 0.838",
                    "mass_class_1": 0.0,
                    "mass_class_2": 0.6036374568939209,
                    "uncertainty": 0.3963625431060791
                }
            ]
        }
    ],
    "dsc_rules": {
        "0": [
            [
                "0.49122465",
                3,
                "x > 1.067",
                "0.7008742",
                "[0.7008742 0.        0.2991258]"
            ],
            [
                "0.4306669",
                2,
                "0.685 < x < 1.067",
                "0.65625215",
                "[0.65625215 0.         0.34374785]"
            ],
            [
                "0.3710754",
                4,
                "y < 0.247",
                "0.6091596",
                "[0.6091596 0.        0.3908404]"
            ],
            [
                "0.21344687",
                5,
                "0.247 < y < 0.542",
                "0.4620031",
                "[0.4620031 0.        0.5379969]"
            ],
            [
                "0.009855695",
                6,
                "0.542 < y < 0.838",
                "0.09927585",
                "[0.0197558  0.47912025 0.5011239 ]"
            ]
        ],
        "1": [
            [
                "0.54240566",
                0,
                "x < 0.304",
                "0.73648196",
                "[0.         0.73648196 0.26351807]"
            ],
            [
                "0.47048607",
                1,
                "0.304 < x < 0.685",
                "0.6859199",
                "[0.         0.6859199  0.31408012]"
            ],
            [
                "0.36437818",
                7,
                "y > 0.838",
                "0.60363746",
                "[0.         0.60363746 0.39636254]"
            ],
            [
                "0.23902164",
                6,
                "0.542 < y < 0.838",
                "0.4888984",
                "[0.0197558  0.47912025 0.5011239 ]"
            ]
        ]
    }
}