{
    "dataset": "EngyTime",
    "kmeans_centroids": [
        {
            "centroid": 0,
            "values": {
                "X1": 0.5118546666666671,
                "X2": 0.3412117236774521
            },
            "prediction": "[0.945825   0.05417502]",
            "class": "0",
            "rules": [
                {
                    "rule": "X2 < 0.545",
                    "mass_class_1": 0.8819833993911743,
                    "mass_class_2": 0.0,
                    "uncertainty": 0.11801660060882568
                },
                {
                    "rule": "0.299 < X1 < 1.279",
                    "mass_class_1": 0.5146609544754028,
                    "mass_class_2": 0.0,
                    "uncertainty": 0.4853390157222748
                }
            ]
        },
        {
            "centroid": 1,
            "values": {
                "X1": 1.974654280130293,
                "X2": 2.957836064215914
            },
            "prediction": "[0.03923753 0.96076244]",
            "class": "1",
            "rules": [
                {
                    "rule": "X2 > 2.883",
                    "mass_class_1": 0.0,
                    "mass_class_2": 0.9663994312286377,
                    "uncertainty": 0.03360056132078171
                },
                {
                    "rule": "1.279 < X1 < 2.260",
                    "mass_class_1": 0.18187952041625977,
                    "mass_class_2": 0.005611088592559099,
                    "uncertainty": 0.8125094175338745
                }
            ]
        }
    ],
    "dsc_rules": {
        "0": [
            [
                "0.77789474",
                4,
                "X2 < 0.545",
                "0.8819834",
                "[0.8819834 0.        0.1180166]"
            ],
            [
                "0.66881025",
                0,
                "X1 < 0.299",
                "0.8178082",
                "[0.8178082  0.         0.18219182]"
            ],
            [
                "0.39012903",
                5,
                "0.545 < X2 < 1.714",
                "0.6246031",
                "[0.6246031 0.        0.3753969]"
            ],
            [
                "0.2648759",
                1,
                "0.299 < X1 < 1.279",
                "0.51466095",
                "[0.51466095 0.         0.48533902]"
            ],
            [
                "0.034100696",
                2,
                "1.279 < X1 < 2.260",
                "0.18466374",
                "[0.18187952 0.00561109 0.8125094 ]"
            ]
        ],
        "1": [
            [
                "0.93392783",
                7,
                "X2 > 2.883",
                "0.96639943",
                "[0.         0.96639943 0.03360056]"
            ],
            [
                "0.68093085",
                3,
                "X1 > 2.260",
                "0.82518536",
                "[0.         0.82518536 0.17481467]"
            ],
            [
                "0.35108045",
                6,
                "1.714 < X2 < 2.883",
                "0.5925204",
                "[0.         0.5925204  0.40747958]"
            ],
            [
                "0.0010520263",
                2,
                "1.279 < X1 < 2.260",
                "0.032434955",
                "[0.18187952 0.00561109 0.8125094 ]"
            ]
        ]
    }
}