{
    "dataset": "WingNut",
    "kmeans_centroids": [
        {
            "centroid": 0,
            "values": {
                "X1": 0.9212998451676532,
                "X2": 1.0521627188856013
            },
            "prediction": "[0.851959   0.14804101]",
            "class": "0",
            "rules": [
                {
                    "rule": "X1 > 0.740",
                    "mass_class_1": 0.81061851978302,
                    "mass_class_2": 0.0,
                    "uncertainty": 0.18938149511814117
                },
                {
                    "rule": "0.899 < X2 < 1.500",
                    "mass_class_1": 0.1491040736436844,
                    "mass_class_2": 0.07263512909412384,
                    "uncertainty": 0.7782608270645142
                }
            ]
        },
        {
            "centroid": 1,
            "values": {
                "X1": -0.9176798064833008,
                "X2": 1.9460776082121805
            },
            "prediction": "[0.14241365 0.8575864 ]",
            "class": "1",
            "rules": [
                {
                    "rule": "X1 < -0.740",
                    "mass_class_1": 0.0,
                    "mass_class_2": 0.7992801070213318,
                    "uncertainty": 0.2007199078798294
                },
                {
                    "rule": "1.500 < X2 < 2.101",
                    "mass_class_1": 0.022509083151817322,
                    "mass_class_2": 0.19128398597240448,
                    "uncertainty": 0.7862069010734558
                }
            ]
        }
    ],
    "dsc_rules": {
        "0": [
            [
                "0.6571024",
                3,
                "X1 > 0.740",
                "0.8106185",
                "[0.8106185 0.        0.1893815]"
            ],
            [
                "0.5033761",
                2,
                "0.000 < X1 < 0.740",
                "0.70949006",
                "[0.70949006 0.         0.2905099 ]"
            ],
            [
                "0.28841203",
                4,
                "X2 < 0.899",
                "0.53704005",
                "[0.53704005 0.         0.46295995]"
            ],
            [
                "0.033062212",
                5,
                "0.899 < X2 < 1.500",
                "0.18183017",
                "[0.14910407 0.07263513 0.7782608 ]"
            ],
            [
                "0.0048122867",
                6,
                "1.500 < X2 < 2.101",
                "0.06937065",
                "[0.02250908 0.19128399 0.7862069 ]"
            ]
        ],
        "1": [
            [
                "0.63884866",
                0,
                "X1 < -0.740",
                "0.7992801",
                "[0.         0.7992801  0.20071991]"
            ],
            [
                "0.46748266",
                1,
                "-0.740 < X1 < 0.000",
                "0.683727",
                "[0.         0.683727   0.31627294]"
            ],
            [
                "0.29363418",
                7,
                "X2 > 2.101",
                "0.54188025",
                "[0.         0.5418802  0.45811978]"
            ],
            [
                "0.040895198",
                6,
                "1.500 < X2 < 2.101",
                "0.20222561",
                "[0.02250908 0.19128399 0.7862069 ]"
            ],
            [
                "0.016106054",
                5,
                "0.899 < X2 < 1.500",
                "0.12690963",
                "[0.14910407 0.07263513 0.7782608 ]"
            ]
        ]
    }
}