{
    "dataset": "Gaussian",
    "kmeans_centroids": [
        {
            "centroid": 0,
            "values": {
                "x": 1.1928591125867567,
                "y": 0.18145611956065327
            },
            "prediction": "[0.9209001  0.07909993]",
            "class": "0",
            "rules": [
                {
                    "rule": "y < 0.247",
                    "mass_class_1": 0.7093417048454285,
                    "mass_class_2": 0.0,
                    "uncertainty": 0.29065829515457153
                },
                {
                    "rule": "x > 1.067",
                    "mass_class_1": 0.7044841051101685,
                    "mass_class_2": 0.0,
                    "uncertainty": 0.29551592469215393
                }
            ]
        },
        {
            "centroid": 1,
            "values": {
                "x": 0.17778860369263239,
                "y": 0.9035088808842218
            },
            "prediction": "[0.088494 0.911506]",
            "class": "1",
            "rules": [
                {
                    "rule": "x < 0.304",
                    "mass_class_1": 0.0,
                    "mass_class_2": 0.7717846632003784,
                    "uncertainty": 0.2282153218984604
                },
                {
                    "rule": "y > 0.838",
                    "mass_class_1": 0.0,
                    "mass_class_2": 0.5745882391929626,
                    "uncertainty": 0.42541176080703735
                }
            ]
        }
    ],
    "dsc_rules": {
        "0": [
            [
                "0.50316566",
                4,
                "y < 0.247",
                "0.7093417",
                "[0.7093417 0.        0.2906583]"
            ],
            [
                "0.49629787",
                3,
                "x > 1.067",
                "0.7044841",
                "[0.7044841  0.         0.29551592]"
            ],
            [
                "0.45308143",
                2,
                "0.685 < x < 1.067",
                "0.6731132",
                "[0.6731132  0.         0.32688677]"
            ],
            [
                "0.19762056",
                5,
                "0.247 < y < 0.542",
                "0.44454533",
                "[0.44454536 0.         0.5554547 ]"
            ]
        ],
        "1": [
            [
                "0.59565157",
                0,
                "x < 0.304",
                "0.77178466",
                "[0.         0.77178466 0.22821532]"
            ],
            [
                "0.41922018",
                1,
                "0.304 < x < 0.685",
                "0.64747214",
                "[0.         0.64747214 0.3525279 ]"
            ],
            [
                "0.33015165",
                7,
                "y > 0.838",
                "0.57458824",
                "[0.         0.57458824 0.42541176]"
            ],
            [
                "0.18732058",
                6,
                "0.542 < y < 0.838",
                "0.43280548",
                "[0.         0.43280548 0.5671945 ]"
            ]
        ]
    }
}