{
    "dataset": "Gaussian",
    "kmeans_centroids": [
        {
            "centroid": 0,
            "values": {
                "x": 0.17778860369263239,
                "y": 0.9035088808842218
            },
            "prediction": "[0.9065587  0.09344127]",
            "class": "0",
            "rules": [
                {
                    "rule": "y > 0.838",
                    "mass_class_1": 0.7149637341499329,
                    "mass_class_2": 0.0,
                    "uncertainty": 0.28503626585006714
                },
                {
                    "rule": "x < 0.304",
                    "mass_class_1": 0.6383880972862244,
                    "mass_class_2": 0.0,
                    "uncertainty": 0.36161187291145325
                }
            ]
        },
        {
            "centroid": 1,
            "values": {
                "x": 1.1928591125867567,
                "y": 0.18145611956065327
            },
            "prediction": "[0.08382919 0.9161708 ]",
            "class": "1",
            "rules": [
                {
                    "rule": "y < 0.247",
                    "mass_class_1": 0.0,
                    "mass_class_2": 0.7142642140388489,
                    "uncertainty": 0.2857358157634735
                },
                {
                    "rule": "x > 1.067",
                    "mass_class_1": 0.0,
                    "mass_class_2": 0.6797757744789124,
                    "uncertainty": 0.32022422552108765
                }
            ]
        }
    ],
    "dsc_rules": {
        "0": [
            [
                "0.5111731",
                7,
                "y > 0.838",
                "0.71496373",
                "[0.71496373 0.         0.28503627]"
            ],
            [
                "0.4075394",
                0,
                "x < 0.304",
                "0.6383881",
                "[0.6383881  0.         0.36161187]"
            ],
            [
                "0.39375514",
                1,
                "0.304 < x < 0.685",
                "0.6274991",
                "[0.6274991  0.         0.37250093]"
            ],
            [
                "0.30186072",
                6,
                "0.542 < y < 0.838",
                "0.5494185",
                "[0.54623353 0.00638861 0.44737792]"
            ],
            [
                "0.0034062453",
                5,
                "0.247 < y < 0.542",
                "0.058363046",
                "[0.00754364 0.4439953  0.548461  ]"
            ]
        ],
        "1": [
            [
                "0.5101733",
                4,
                "y < 0.247",
                "0.71426415",
                "[0.         0.7142642  0.28573582]"
            ],
            [
                "0.4620951",
                3,
                "x > 1.067",
                "0.6797758",
                "[0.         0.6797758  0.32022423]"
            ],
            [
                "0.4472275",
                2,
                "0.685 < x < 1.067",
                "0.6687507",
                "[0.        0.6687507 0.3312493]"
            ],
            [
                "0.20048118",
                5,
                "0.247 < y < 0.542",
                "0.44775125",
                "[0.00754364 0.4439953  0.548461  ]"
            ],
            [
                "0.0035304856",
                6,
                "0.542 < y < 0.838",
                "0.05941789",
                "[0.54623353 0.00638861 0.44737792]"
            ]
        ]
    }
}