{
    "dataset": "EngyTime",
    "kmeans_centroids": [
        {
            "centroid": 0,
            "values": {
                "X1": 0.5130794271047232,
                "X2": 0.3414161673511289
            },
            "prediction": "[0.94846547 0.05153458]",
            "class": "0",
            "rules": [
                {
                    "rule": "X2 < 0.545",
                    "mass_class_1": 0.8861931562423706,
                    "mass_class_2": 0.0,
                    "uncertainty": 0.1138068437576294
                },
                {
                    "rule": "0.299 < X1 < 1.279",
                    "mass_class_1": 0.5225709080696106,
                    "mass_class_2": 0.0,
                    "uncertainty": 0.477429062128067
                }
            ]
        },
        {
            "centroid": 1,
            "values": {
                "X1": 1.9742245623836125,
                "X2": 2.958868824022346
            },
            "prediction": "[0.03253631 0.9674637 ]",
            "class": "1",
            "rules": [
                {
                    "rule": "X2 > 2.883",
                    "mass_class_1": 0.0,
                    "mass_class_2": 0.971666157245636,
                    "uncertainty": 0.02833382785320282
                },
                {
                    "rule": "1.279 < X1 < 2.260",
                    "mass_class_1": 0.17117762565612793,
                    "mass_class_2": 0.016238419339060783,
                    "uncertainty": 0.8125839829444885
                }
            ]
        }
    ],
    "dsc_rules": {
        "0": [
            [
                "0.7853383",
                4,
                "X2 < 0.545",
                "0.88619316",
                "[0.88619316 0.         0.11380684]"
            ],
            [
                "0.65548867",
                0,
                "X1 < 0.299",
                "0.8096225",
                "[0.8096226  0.         0.19037744]"
            ],
            [
                "0.41550097",
                5,
                "0.545 < X2 < 1.714",
                "0.64459366",
                "[0.64459366 0.         0.35540634]"
            ],
            [
                "0.27308038",
                1,
                "0.299 < X1 < 1.279",
                "0.5225709",
                "[0.5225709  0.         0.47742906]"
            ],
            [
                "0.03208143",
                2,
                "1.279 < X1 < 2.260",
                "0.1791129",
                "[0.17117763 0.01623842 0.812584  ]"
            ]
        ],
        "1": [
            [
                "0.9441351",
                7,
                "X2 > 2.883",
                "0.97166616",
                "[0.         0.97166616 0.02833383]"
            ],
            [
                "0.70179576",
                3,
                "X1 > 2.260",
                "0.8377325",
                "[0.         0.8377325  0.16226752]"
            ],
            [
                "0.32820266",
                6,
                "1.714 < X2 < 2.883",
                "0.57288975",
                "[0.         0.57288975 0.42711025]"
            ],
            [
                "0.0030433398",
                2,
                "1.279 < X1 < 2.260",
                "0.055166475",
                "[0.17117763 0.01623842 0.812584  ]"
            ]
        ]
    }
}