{
    "dataset": "Rectangle",
    "kmeans_centroids": [
        {
            "centroid": 0,
            "values": {
                "x": -0.046336247117657735,
                "y": 0.5759678248423152
            },
            "prediction": "[0.8455305  0.15446943]",
            "class": "0",
            "rules": [
                {
                    "rule": "y > 0.410",
                    "mass_class_1": 0.8286135792732239,
                    "mass_class_2": 0.0,
                    "uncertainty": 0.17138639092445374
                },
                {
                    "rule": "-0.412 < x < -0.021",
                    "mass_class_1": 0.06209440529346466,
                    "mass_class_2": 0.12012245506048203,
                    "uncertainty": 0.8177831768989563
                }
            ]
        },
        {
            "centroid": 1,
            "values": {
                "x": 0.004198246296158264,
                "y": -0.5865640830423052
            },
            "prediction": "[0.13449876 0.8655012 ]",
            "class": "1",
            "rules": [
                {
                    "rule": "y < -0.441",
                    "mass_class_1": 0.0,
                    "mass_class_2": 0.8122113347053528,
                    "uncertainty": 0.18778865039348602
                },
                {
                    "rule": "-0.021 < x < 0.371",
                    "mass_class_1": 0.01981743425130844,
                    "mass_class_2": 0.18887417018413544,
                    "uncertainty": 0.7913084030151367
                }
            ]
        }
    ],
    "dsc_rules": {
        "0": [
            [
                "0.74860495",
                6,
                "-0.016 < y < 0.410",
                "0.8652196",
                "[0.8652196  0.         0.13478044]"
            ],
            [
                "0.6866005",
                7,
                "y > 0.410",
                "0.8286136",
                "[0.8286136  0.         0.17138639]"
            ],
            [
                "0.013935061",
                0,
                "x < -0.412",
                "0.11804686",
                "[0.07447065 0.11265086 0.8128785 ]"
            ],
            [
                "0.011314645",
                1,
                "-0.412 < x < -0.021",
                "0.10637032",
                "[0.06209441 0.12012246 0.8177832 ]"
            ],
            [
                "0.008825923",
                3,
                "x > 0.371",
                "0.09394638",
                "[0.04633049 0.1441688  0.80950075]"
            ],
            [
                "0.004135732",
                2,
                "-0.021 < x < 0.371",
                "0.06430966",
                "[0.01981743 0.18887417 0.7913084 ]"
            ]
        ],
        "1": [
            [
                "0.6596873",
                4,
                "y < -0.441",
                "0.81221133",
                "[0.         0.81221133 0.18778865]"
            ],
            [
                "0.65025634",
                5,
                "-0.441 < y < -0.016",
                "0.80638474",
                "[0.         0.80638474 0.19361526]"
            ],
            [
                "0.03941645",
                2,
                "-0.021 < x < 0.371",
                "0.19853577",
                "[0.01981743 0.18887417 0.7913084 ]"
            ],
            [
                "0.027464047",
                3,
                "x > 0.371",
                "0.1657228",
                "[0.04633049 0.1441688  0.80950075]"
            ],
            [
                "0.021888332",
                1,
                "-0.412 < x < -0.021",
                "0.14794706",
                "[0.06209441 0.12012246 0.8177832 ]"
            ],
            [
                "0.0210794",
                0,
                "x < -0.412",
                "0.14518747",
                "[0.07447065 0.11265086 0.8128785 ]"
            ]
        ]
    }
}