{
    "dataset": "EngyTime",
    "kmeans_centroids": [
        {
            "centroid": 0,
            "values": {
                "X1": 0.5118546666666672,
                "X2": 0.3412117236774519
            },
            "prediction": "[0.9491571  0.05084286]",
            "class": "0",
            "rules": [
                {
                    "rule": "X2 < 0.545",
                    "mass_class_1": 0.8928176760673523,
                    "mass_class_2": 0.0,
                    "uncertainty": 0.10718231648206711
                },
                {
                    "rule": "0.299 < X1 < 1.279",
                    "mass_class_1": 0.5002317428588867,
                    "mass_class_2": 0.0,
                    "uncertainty": 0.49976828694343567
                }
            ]
        },
        {
            "centroid": 1,
            "values": {
                "X1": 1.974654280130293,
                "X2": 2.957836064215914
            },
            "prediction": "[0.03501401 0.964986  ]",
            "class": "1",
            "rules": [
                {
                    "rule": "X2 > 2.883",
                    "mass_class_1": 0.0,
                    "mass_class_2": 0.9697928428649902,
                    "uncertainty": 0.030207157135009766
                },
                {
                    "rule": "1.279 < X1 < 2.260",
                    "mass_class_1": 0.17465446889400482,
                    "mass_class_2": 0.008604740723967552,
                    "uncertainty": 0.8167408108711243
                }
            ]
        }
    ],
    "dsc_rules": {
        "0": [
            [
                "0.79712343",
                4,
                "X2 < 0.545",
                "0.8928177",
                "[0.8928177  0.         0.10718232]"
            ],
            [
                "0.6843814",
                0,
                "X1 < 0.299",
                "0.8272735",
                "[0.8272735  0.         0.17272654]"
            ],
            [
                "0.39388418",
                5,
                "0.545 < X2 < 1.714",
                "0.6276019",
                "[0.6276019  0.         0.37239808]"
            ],
            [
                "0.2502318",
                1,
                "0.299 < X1 < 1.279",
                "0.50023174",
                "[0.50023174 0.         0.4997683 ]"
            ],
            [
                "0.032007035",
                2,
                "1.279 < X1 < 2.260",
                "0.1789051",
                "[0.17465447 0.00860474 0.8167408 ]"
            ]
        ],
        "1": [
            [
                "0.9404982",
                7,
                "X2 > 2.883",
                "0.96979284",
                "[0.         0.96979284 0.03020716]"
            ],
            [
                "0.69370174",
                3,
                "X1 > 2.260",
                "0.8328876",
                "[0.         0.8328876  0.16711241]"
            ],
            [
                "0.3535752",
                6,
                "1.714 < X2 < 2.883",
                "0.5946219",
                "[0.        0.5946219 0.4053781]"
            ],
            [
                "0.0015768978",
                2,
                "1.279 < X1 < 2.260",
                "0.03971017",
                "[0.17465447 0.00860474 0.8167408 ]"
            ]
        ]
    }
}