{
    "dataset": "Target",
    "kmeans_centroids": [
        {
            "centroid": 0,
            "values": {
                "X1": -0.20452023404255318,
                "X2": 0.07921006382978725
            },
            "prediction": "[0.9112634  0.06007377 0.00891663 0.00300796 0.00674888 0.00998929]",
            "class": "0",
            "rules": [
                {
                    "rule": "0.007 < X2 < 0.647",
                    "mass_class_1": 0.5821070075035095,
                    "mass_class_2": 0.3148283362388611,
                    "mass_class_3": 0.04400156810879707,
                    "mass_class_4": 0.0,
                    "mass_class_5": 0.03252546489238739,
                    "mass_class_6": 0.023334402590990067,
                    "uncertainty": 0.0032032132148742676
                },
                {
                    "rule": "-0.632 < X1 < 0.016",
                    "mass_class_1": 0.5483902096748352,
                    "mass_class_2": 0.0,
                    "mass_class_3": 0.0,
                    "mass_class_4": 0.3007139563560486,
                    "mass_class_5": 0.0,
                    "mass_class_6": 0.07517433911561966,
                    "uncertainty": 0.07572149485349655
                }
            ]
        },
        {
            "centroid": 1,
            "values": {
                "X1": 0.20309519806763285,
                "X2": -0.11633036714975846
            },
            "prediction": "[0.03944013 0.87896335 0.01971904 0.00924948 0.04760287 0.00502509]",
            "class": "1",
            "rules": [
                {
                    "rule": "-0.634 < X2 < 0.007",
                    "mass_class_1": 0.2151048332452774,
                    "mass_class_2": 0.6130622029304504,
                    "mass_class_3": 0.0,
                    "mass_class_4": 0.026403771713376045,
                    "mass_class_5": 0.11402084678411484,
                    "mass_class_6": 0.0,
                    "uncertainty": 0.03140837699174881
                },
                {
                    "rule": "0.016 < X1 < 0.664",
                    "mass_class_1": 0.0,
                    "mass_class_2": 0.6022247076034546,
                    "mass_class_3": 0.2340320348739624,
                    "mass_class_4": 0.0,
                    "mass_class_5": 0.083708256483078,
                    "mass_class_6": 0.0,
                    "uncertainty": 0.08003504574298859
                }
            ]
        },
        {
            "centroid": 2,
            "values": {
                "X1": 0.9686336704545456,
                "X2": 1.3832013977272728
            },
            "prediction": "[2.09725229e-04 2.09725229e-04 9.69614685e-01 2.09725229e-04\n 1.56951323e-02 1.40609965e-02]",
            "class": "2",
            "rules": [
                {
                    "rule": "X2 > 0.647",
                    "mass_class_1": 0.0,
                    "mass_class_2": 0.0,
                    "mass_class_3": 0.587510883808136,
                    "mass_class_4": 0.0,
                    "mass_class_5": 0.0,
                    "mass_class_6": 0.4063366949558258,
                    "uncertainty": 0.0061524356715381145
                },
                {
                    "rule": "X1 > 0.664",
                    "mass_class_1": 0.0,
                    "mass_class_2": 0.0,
                    "mass_class_3": 0.385324627161026,
                    "mass_class_4": 0.0,
                    "mass_class_5": 0.6064618229866028,
                    "mass_class_6": 0.0,
                    "uncertainty": 0.008213561028242111
                }
            ]
        },
        {
            "centroid": 3,
            "values": {
                "X1": -1.0230309787234042,
                "X2": -1.3321517234042555
            },
            "prediction": "[0.         0.         0.         0.97233784 0.         0.0276621 ]",
            "class": "3",
            "rules": [
                {
                    "rule": "X2 < -0.634",
                    "mass_class_1": 0.0,
                    "mass_class_2": 0.0,
                    "mass_class_3": 0.0,
                    "mass_class_4": 0.5968543291091919,
                    "mass_class_5": 0.3873501121997833,
                    "mass_class_6": 0.0,
                    "uncertainty": 0.015795554965734482
                },
                {
                    "rule": "X1 < -0.632",
                    "mass_class_1": 0.0,
                    "mass_class_2": 0.0,
                    "mass_class_3": 0.0,
                    "mass_class_4": 0.47541356086730957,
                    "mass_class_5": 0.0,
                    "mass_class_6": 0.5245863795280457,
                    "uncertainty": 0.0
                }
            ]
        },
        {
            "centroid": 4,
            "values": {
                "X1": 1.4110827899999998,
                "X2": -0.8617540600000004
            },
            "prediction": "[5.0006621e-04 5.0006621e-04 2.3959782e-02 1.9395676e-02 9.5514423e-01\n 5.0006621e-04]",
            "class": "4",
            "rules": [
                {
                    "rule": "X1 > 0.664",
                    "mass_class_1": 0.0,
                    "mass_class_2": 0.0,
                    "mass_class_3": 0.385324627161026,
                    "mass_class_4": 0.0,
                    "mass_class_5": 0.6064618229866028,
                    "mass_class_6": 0.0,
                    "uncertainty": 0.008213561028242111
                },
                {
                    "rule": "X2 < -0.634",
                    "mass_class_1": 0.0,
                    "mass_class_2": 0.0,
                    "mass_class_3": 0.0,
                    "mass_class_4": 0.5968543291091919,
                    "mass_class_5": 0.3873501121997833,
                    "mass_class_6": 0.0,
                    "uncertainty": 0.015795554965734482
                }
            ]
        },
        {
            "centroid": 5,
            "values": {
                "X1": -1.309637182795699,
                "X2": 1.1174741182795702
            },
            "prediction": "[0.         0.         0.         0.01333699 0.         0.98666304]",
            "class": "5",
            "rules": [
                {
                    "rule": "X1 < -0.632",
                    "mass_class_1": 0.0,
                    "mass_class_2": 0.0,
                    "mass_class_3": 0.0,
                    "mass_class_4": 0.47541356086730957,
                    "mass_class_5": 0.0,
                    "mass_class_6": 0.5245863795280457,
                    "uncertainty": 0.0
                },
                {
                    "rule": "X2 > 0.647",
                    "mass_class_1": 0.0,
                    "mass_class_2": 0.0,
                    "mass_class_3": 0.587510883808136,
                    "mass_class_4": 0.0,
                    "mass_class_5": 0.0,
                    "mass_class_6": 0.4063366949558258,
                    "uncertainty": 0.0061524356715381145
                }
            ]
        }
    ],
    "dsc_rules": {
        "0": [
            [
                "0.5802424",
                6,
                "0.007 < X2 < 0.647",
                "0.76173645",
                "[0.582107   0.31482834 0.04400157 0.         0.03252546 0.0233344\n 0.00320321]"
            ],
            [
                "0.50686526",
                1,
                "-0.632 < X1 < 0.016",
                "0.7119447",
                "[0.5483902  0.         0.         0.30071396 0.         0.07517434\n 0.07572149]"
            ],
            [
                "0.20834874",
                5,
                "-0.634 < X2 < 0.007",
                "0.45645234",
                "[0.21510483 0.6130622  0.         0.02640377 0.11402085 0.\n 0.03140838]"
            ]
        ],