{
    "dataset": "TwoDiamonds",
    "kmeans_centroids": [
        {
            "centroid": 0,
            "values": {
                "X1": 1.0043701000000003,
                "X2": 0.0044222524999999934
            },
            "prediction": "[0.8684836  0.13151638]",
            "class": "0",
            "rules": [
                {
                    "rule": "X1 < 1.288",
                    "mass_class_1": 0.8569182753562927,
                    "mass_class_2": 0.0,
                    "uncertainty": 0.14308172464370728
                },
                {
                    "rule": "0.001 < X2 < 0.293",
                    "mass_class_1": 0.06847693026065826,
                    "mass_class_2": 0.11984418332576752,
                    "uncertainty": 0.8116788864135742
                }
            ]
        },
        {
            "centroid": 1,
            "values": {
                "X1": 3.084087225,
                "X2": -0.0020558000000000095
            },
            "prediction": "[0.12928216 0.8707179 ]",
            "class": "1",
            "rules": [
                {
                    "rule": "X1 > 2.800",
                    "mass_class_1": 0.0,
                    "mass_class_2": 0.8482763767242432,
                    "uncertainty": 0.15172362327575684
                },
                {
                    "rule": "-0.290 < X2 < 0.001",
                    "mass_class_1": 0.08121418952941895,
                    "mass_class_2": 0.10087059438228607,
                    "uncertainty": 0.817915141582489
                }
            ]
        }
    ],
    "dsc_rules": {
        "0": [
            [
                "0.73430896",
                0,
                "X1 < 1.288",
                "0.8569183",
                "[0.8569183  0.         0.14308172]"
            ],
            [
                "0.6564186",
                1,
                "1.288 < X1 < 2.044",
                "0.81019664",
                "[0.81019664 0.         0.18980335]"
            ],
            [
                "0.014787874",
                5,
                "-0.290 < X2 < 0.001",
                "0.1216054",
                "[0.08121419 0.10087059 0.81791514]"
            ],
            [
                "0.012895652",
                6,
                "0.001 < X2 < 0.293",
                "0.11355902",
                "[0.06847693 0.11984418 0.8116789 ]"
            ],
            [
                "0.012015719",
                7,
                "X2 > 0.293",
                "0.109616235",
                "[0.06601568 0.11599741 0.8179869 ]"
            ],
            [
                "0.011406213",
                4,
                "X2 < -0.290",
                "0.10679987",
                "[0.06095766 0.12615931 0.812883  ]"
            ]
        ],
        "1": [
            [
                "0.7195728",
                3,
                "X1 > 2.800",
                "0.8482764",
                "[0.         0.8482764  0.15172362]"
            ],
            [
                "0.5985838",
                2,
                "2.044 < X1 < 2.800",
                "0.773682",
                "[0.         0.773682   0.22631799]"
            ],
            [
                "0.02360655",
                4,
                "X2 < -0.290",
                "0.15364423",
                "[0.06095766 0.12615931 0.812883  ]"
            ],
            [
                "0.02256919",
                6,
                "0.001 < X2 < 0.293",
                "0.15023045",
                "[0.06847693 0.11984418 0.8116789 ]"
            ],
            [
                "0.021113047",
                7,
                "X2 > 0.293",
                "0.1453033",
                "[0.06601568 0.11599741 0.8179869 ]"
            ],
            [
                "0.018367007",
                5,
                "-0.290 < X2 < 0.001",
                "0.13552493",
                "[0.08121419 0.10087059 0.81791514]"
            ]
        ]
    }
}