{
    "dataset": "WingNut",
    "kmeans_centroids": [
        {
            "centroid": 0,
            "values": {
                "X1": 0.9212998451676532,
                "X2": 1.0521627188856013
            },
            "prediction": "[0.8527656  0.14723442]",
            "class": "0",
            "rules": [
                {
                    "rule": "X1 > 0.740",
                    "mass_class_1": 0.7843836545944214,
                    "mass_class_2": 0.0,
                    "uncertainty": 0.21561633050441742
                },
                {
                    "rule": "0.899 < X2 < 1.500",
                    "mass_class_1": 0.20081137120723724,
                    "mass_class_2": 0.0019524275558069348,
                    "uncertainty": 0.7972362041473389
                }
            ]
        },
        {
            "centroid": 1,
            "values": {
                "X1": -0.9176798064833008,
                "X2": 1.9460776082121805
            },
            "prediction": "[0.13788374 0.8621163 ]",
            "class": "1",
            "rules": [
                {
                    "rule": "X1 < -0.740",
                    "mass_class_1": 0.0,
                    "mass_class_2": 0.8316177129745483,
                    "uncertainty": 0.16838227212429047
                },
                {
                    "rule": "1.500 < X2 < 2.101",
                    "mass_class_1": 0.06841111928224564,
                    "mass_class_2": 0.11513879895210266,
                    "uncertainty": 0.8164501190185547
                }
            ]
        }
    ],
    "dsc_rules": {
        "0": [
            [
                "0.61525774",
                3,
                "X1 > 0.740",
                "0.78438365",
                "[0.78438365 0.         0.21561633]"
            ],
            [
                "0.46329966",
                2,
                "0.000 < X1 < 0.740",
                "0.6806612",
                "[0.6806612 0.        0.3193388]"
            ],
            [
                "0.3142534",
                4,
                "X2 < 0.899",
                "0.56058306",
                "[0.56058306 0.         0.43941692]"
            ],
            [
                "0.040717278",
                5,
                "0.899 < X2 < 1.500",
                "0.20178522",
                "[0.20081137 0.00195243 0.7972362 ]"
            ],
            [
                "0.012556853",
                6,
                "1.500 < X2 < 2.101",
                "0.112057365",
                "[0.06841112 0.1151388  0.8164501 ]"
            ]
        ],
        "1": [
            [
                "0.69158804",
                0,
                "X1 < -0.740",
                "0.8316177",
                "[0.         0.8316177  0.16838227]"
            ],
            [
                "0.5426575",
                1,
                "-0.740 < X1 < 0.000",
                "0.7366529",
                "[0.         0.7366529  0.26334712]"
            ],
            [
                "0.26773033",
                7,
                "X2 > 2.101",
                "0.5174266",
                "[0.         0.51742667 0.48257336]"
            ],
            [
                "0.021133713",
                6,
                "1.500 < X2 < 2.101",
                "0.14537439",
                "[0.06841112 0.1151388  0.8164501 ]"
            ],
            [
                "0.00039588162",
                5,
                "0.899 < X2 < 1.500",
                "0.019896774",
                "[0.20081137 0.00195243 0.7972362 ]"
            ]
        ]
    }
}