{
    "dataset": "Rectangle",
    "kmeans_centroids": [
        {
            "centroid": 0,
            "values": {
                "x": 0.004198246296158264,
                "y": -0.5865640830423052
            },
            "prediction": "[0.8437742  0.15622585]",
            "class": "0",
            "rules": [
                {
                    "rule": "y < -0.441",
                    "mass_class_1": 0.8007169365882874,
                    "mass_class_2": 0.0,
                    "uncertainty": 0.19928303360939026
                },
                {
                    "rule": "-0.021 < x < 0.371",
                    "mass_class_1": 0.1263650804758072,
                    "mass_class_2": 0.05968431755900383,
                    "uncertainty": 0.8139505982398987
                }
            ]
        },
        {
            "centroid": 1,
            "values": {
                "x": -0.046336247117657735,
                "y": 0.5759678248423152
            },
            "prediction": "[0.16417758 0.8358224 ]",
            "class": "1",
            "rules": [
                {
                    "rule": "y > 0.410",
                    "mass_class_1": 0.0,
                    "mass_class_2": 0.7880339026451111,
                    "uncertainty": 0.21196609735488892
                },
                {
                    "rule": "-0.412 < x < -0.021",
                    "mass_class_1": 0.062212023884058,
                    "mass_class_2": 0.13096338510513306,
                    "uncertainty": 0.8068245649337769
                }
            ]
        }
    ],
    "dsc_rules": {
        "0": [
            [
                "0.6650142",
                5,
                "-0.441 < y < -0.016",
                "0.81548405",
                "[0.81548405 0.         0.18451595]"
            ],
            [
                "0.6411477",
                4,
                "y < -0.441",
                "0.800717",
                "[0.80071694 0.         0.19928303]"
            ],
            [
                "0.023510147",
                2,
                "-0.021 < x < 0.371",
                "0.15333019",
                "[0.12636508 0.05968432 0.8139506 ]"
            ],
            [
                "0.015374402",
                3,
                "x > 0.371",
                "0.12399355",
                "[0.08274534 0.10305848 0.81419617]"
            ],
            [
                "0.012017835",
                1,
                "-0.412 < x < -0.021",
                "0.10962588",
                "[0.06221202 0.13096339 0.80682456]"
            ],
            [
                "0.008999358",
                0,
                "x < -0.412",
                "0.09486494",
                "[0.05034534 0.12840718 0.82124746]"
            ]
        ],
        "1": [
            [
                "0.6209974",
                7,
                "y > 0.410",
                "0.7880339",
                "[0.        0.7880339 0.2119661]"
            ],
            [
                "0.60360914",
                6,
                "-0.016 < y < 0.410",
                "0.7769229",
                "[0.         0.7769229  0.22307713]"
            ],
            [
                "0.025298908",
                1,
                "-0.412 < x < -0.021",
                "0.1590563",
                "[0.06221202 0.13096339 0.80682456]"
            ],
            [
                "0.02295311",
                0,
                "x < -0.412",
                "0.15150283",
                "[0.05034534 0.12840718 0.82124746]"
            ],
            [
                "0.01914866",
                3,
                "x > 0.371",
                "0.13837868",
                "[0.08274534 0.10305848 0.81419617]"
            ],
            [
                "0.011104232",
                2,
                "-0.021 < x < 0.371",
                "0.105376616",
                "[0.12636508 0.05968432 0.8139506 ]"
            ]
        ]
    }
}