{
    "dataset": "WingNut",
    "kmeans_centroids": [
        {
            "centroid": 0,
            "values": {
                "X1": -0.9212998451676533,
                "X2": 1.947837283195266
            },
            "prediction": "[0.8898113 0.1101888]",
            "class": "0",
            "rules": [
                {
                    "rule": "X1 < -0.740",
                    "mass_class_1": 0.8685934543609619,
                    "mass_class_2": 0.0,
                    "uncertainty": 0.13140654563903809
                },
                {
                    "rule": "1.500 < X2 < 2.101",
                    "mass_class_1": 0.12312367558479309,
                    "mass_class_2": 0.06950139999389648,
                    "uncertainty": 0.807374894618988
                }
            ]
        },
        {
            "centroid": 1,
            "values": {
                "X1": 0.9176798064833009,
                "X2": 1.0539223938605107
            },
            "prediction": "[0.1591589 0.8408411]",
            "class": "1",
            "rules": [
                {
                    "rule": "X1 > 0.740",
                    "mass_class_1": 0.0,
                    "mass_class_2": 0.764598548412323,
                    "uncertainty": 0.235401451587677
                },
                {
                    "rule": "0.899 < X2 < 1.500",
                    "mass_class_1": 0.003415896324440837,
                    "mass_class_2": 0.19865082204341888,
                    "uncertainty": 0.7979332804679871
                }
            ]
        }
    ],
    "dsc_rules": {
        "0": [
            [
                "0.7544546",
                0,
                "X1 < -0.740",
                "0.86859345",
                "[0.86859345 0.         0.13140655]"
            ],
            [
                "0.49888",
                1,
                "-0.740 < X1 < 0.000",
                "0.7063144",
                "[0.7063144  0.         0.29368562]"
            ],
            [
                "0.2706322",
                7,
                "X2 > 2.101",
                "0.5202232",
                "[0.5202232  0.         0.47977677]"
            ],
            [
                "0.02371671",
                6,
                "1.500 < X2 < 2.101",
                "0.15400231",
                "[0.12312368 0.0695014  0.8073749 ]"
            ],
            [
                "0.00069023896",
                5,
                "0.899 < X2 < 1.500",
                "0.0262724",
                "[0.0034159  0.19865082 0.7979333 ]"
            ]
        ],
        "1": [
            [
                "0.58461094",
                3,
                "X1 > 0.740",
                "0.76459855",
                "[0.         0.76459855 0.23540145]"
            ],
            [
                "0.5681141",
                2,
                "0.000 < X1 < 0.740",
                "0.75373346",
                "[0.         0.75373346 0.24626654]"
            ],
            [
                "0.30872613",
                4,
                "X2 < 0.899",
                "0.5556313",
                "[0.        0.5556313 0.4443687]"
            ],
            [
                "0.04014072",
                5,
                "0.899 < X2 < 1.500",
                "0.20035149",
                "[0.0034159  0.19865082 0.7979333 ]"
            ],
            [
                "0.0133877145",
                6,
                "1.500 < X2 < 2.101",
                "0.11570529",
                "[0.12312368 0.0695014  0.8073749 ]"
            ]
        ]
    }
}