{
    "dataset": "Rectangle",
    "kmeans_centroids": [
        {
            "centroid": 0,
            "values": {
                "x": 0.004198246296158264,
                "y": -0.5865640830423052
            },
            "prediction": "[0.8503926  0.14960739]",
            "class": "0",
            "rules": [
                {
                    "rule": "y < -0.441",
                    "mass_class_1": 0.847740650177002,
                    "mass_class_2": 0.0,
                    "uncertainty": 0.15225933492183685
                },
                {
                    "rule": "-0.021 < x < 0.371",
                    "mass_class_1": 0.018384519964456558,
                    "mass_class_2": 0.15044449269771576,
                    "uncertainty": 0.8311709761619568
                }
            ]
        },
        {
            "centroid": 1,
            "values": {
                "x": -0.04633624711765774,
                "y": 0.5759678248423152
            },
            "prediction": "[0.15821666 0.8417833 ]",
            "class": "1",
            "rules": [
                {
                    "rule": "y > 0.410",
                    "mass_class_1": 0.0,
                    "mass_class_2": 0.7539225220680237,
                    "uncertainty": 0.24607746303081512
                },
                {
                    "rule": "-0.412 < x < -0.021",
                    "mass_class_1": 0.0,
                    "mass_class_2": 0.2361992597579956,
                    "uncertainty": 0.7638007402420044
                }
            ]
        }
    ],
    "dsc_rules": {
        "0": [
            [
                "0.77611005",
                5,
                "-0.441 < y < -0.016",
                "0.8809711",
                "[0.8809711  0.         0.11902894]"
            ],
            [
                "0.7186642",
                4,
                "y < -0.441",
                "0.84774065",
                "[0.84774065 0.         0.15225933]"
            ],
            [
                "0.0031038406",
                2,
                "-0.021 < x < 0.371",
                "0.055712122",
                "[0.01838452 0.1504445  0.831171  ]"
            ]
        ],
        "1": [
            [
                "0.5690576",
                6,
                "-0.016 < y < 0.410",
                "0.75435907",
                "[0.         0.75435907 0.24564095]"
            ],
            [
                "0.5683992",
                7,
                "y > 0.410",
                "0.7539225",
                "[0.         0.7539225  0.24607746]"
            ],
            [
                "0.062018722",
                0,
                "x < -0.412",
                "0.24903558",
                "[0.         0.24903557 0.7509644 ]"
            ],
            [
                "0.05579009",
                1,
                "-0.412 < x < -0.021",
                "0.23619926",
                "[0.         0.23619926 0.76380074]"
            ],
            [
                "0.03782611",
                3,
                "x > 0.371",
                "0.19448936",
                "[0.         0.19448934 0.80551064]"
            ],
            [
                "0.025399396",
                2,
                "-0.021 < x < 0.371",
                "0.15937188",
                "[0.01838452 0.1504445  0.831171  ]"
            ]
        ]
    }
}