{
    "dataset": "TwoDiamonds",
    "kmeans_centroids": [
        {
            "centroid": 0,
            "values": {
                "X1": 3.0840872249999998,
                "X2": -0.0020558000000000095
            },
            "prediction": "[0.8258016  0.17419834]",
            "class": "0",
            "rules": [
                {
                    "rule": "X1 > 2.800",
                    "mass_class_1": 0.7805951237678528,
                    "mass_class_2": 0.0,
                    "uncertainty": 0.2194048911333084
                },
                {
                    "rule": "-0.290 < X2 < 0.001",
                    "mass_class_1": 0.11286325752735138,
                    "mass_class_2": 0.07728292793035507,
                    "uncertainty": 0.8098538517951965
                }
            ]
        },
        {
            "centroid": 1,
            "values": {
                "X1": 1.0043701000000003,
                "X2": 0.0044222524999999934
            },
            "prediction": "[0.1783012 0.8216988]",
            "class": "1",
            "rules": [
                {
                    "rule": "X1 < 1.288",
                    "mass_class_1": 0.0,
                    "mass_class_2": 0.8003310561180115,
                    "uncertainty": 0.19966892898082733
                },
                {
                    "rule": "0.001 < X2 < 0.293",
                    "mass_class_1": 0.1265454739332199,
                    "mass_class_2": 0.050770070403814316,
                    "uncertainty": 0.8226844668388367
                }
            ]
        }
    ],
    "dsc_rules": {
        "0": [
            [
                "0.60932875",
                3,
                "X1 > 2.800",
                "0.7805951",
                "[0.7805951  0.         0.21940489]"
            ],
            [
                "0.60240084",
                2,
                "2.044 < X1 < 2.800",
                "0.77614486",
                "[0.77614486 0.         0.22385512]"
            ],
            [
                "0.024645332",
                4,
                "X2 < -0.290",
                "0.15698832",
                "[0.1309445  0.05726752 0.81178796]"
            ],
            [
                "0.022438478",
                6,
                "0.001 < X2 < 0.293",
                "0.14979479",
                "[0.12654547 0.05077007 0.82268447]"
            ],
            [
                "0.021903053",
                7,
                "X2 > 0.293",
                "0.1479968",
                "[0.12082633 0.0604508  0.81872284]"
            ],
            [
                "0.021460515",
                5,
                "-0.290 < X2 < 0.001",
                "0.14649408",
                "[0.11286326 0.07728293 0.80985385]"
            ]
        ],
        "1": [
            [
                "0.68575865",
                1,
                "1.288 < X1 < 2.044",
                "0.82810545",
                "[0.         0.82810545 0.17189455]"
            ],
            [
                "0.6405298",
                0,
                "X1 < 1.288",
                "0.80033106",
                "[0.         0.80033106 0.19966893]"
            ],
            [
                "0.014695051",
                5,
                "-0.290 < X2 < 0.001",
                "0.121223144",
                "[0.11286326 0.07728293 0.80985385]"
            ],
            [
                "0.010958349",
                7,
                "X2 > 0.293",
                "0.10468213",
                "[0.12082633 0.0604508  0.81872284]"
            ],
            [
                "0.010778437",
                4,
                "X2 < -0.290",
                "0.10381925",
                "[0.1309445  0.05726752 0.81178796]"
            ],
            [
                "0.009002322",
                6,
                "0.001 < X2 < 0.293",
                "0.094880566",
                "[0.12654547 0.05077007 0.82268447]"
            ]
        ]
    }
}