{
    "dataset": "Uniform",
    "kmeans_centroids": [
        {
            "centroid": 0,
            "values": {
                "x": -2.3635068035137694,
                "y": 0.0
            },
            "prediction": "[0.8712693  0.12873071]",
            "class": "0",
            "rules": [
                {
                    "rule": "x < -1.791",
                    "mass_class_1": 0.8981131315231323,
                    "mass_class_2": 0.0,
                    "uncertainty": 0.10188687592744827
                },
                {
                    "rule": "y = 0.0",
                    "mass_class_1": 0.0,
                    "mass_class_2": 0.3104139566421509,
                    "uncertainty": 0.6895860433578491
                }
            ]
        },
        {
            "centroid": 1,
            "values": {
                "x": 2.466650215529293,
                "y": 0.0
            },
            "prediction": "[0.15846747 0.84153247]",
            "class": "1",
            "rules": [
                {
                    "rule": "x > 2.010",
                    "mass_class_1": 0.0,
                    "mass_class_2": 0.7269257307052612,
                    "uncertainty": 0.27307426929473877
                },
                {
                    "rule": "y = 0.0",
                    "mass_class_1": 0.0,
                    "mass_class_2": 0.3104139566421509,
                    "uncertainty": 0.6895860433578491
                }
            ]
        }
    ],
    "dsc_rules": {
        "0": [
            [
                "0.8066072",
                0,
                "x < -1.791",
                "0.89811313",
                "[0.89811313 0.         0.10188688]"
            ],
            [
                "0.7038444",
                1,
                "-1.791 < x < 0.110",
                "0.8389544",
                "[0.8389544  0.         0.16104564]"
            ]
        ],
        "1": [
            [
                "0.52842104",
                3,
                "x > 2.010",
                "0.72692573",
                "[0.         0.72692573 0.27307427]"
            ],
            [
                "0.50628024",
                2,
                "0.110 < x < 2.010",
                "0.7115337",
                "[0.         0.7115337  0.28846627]"
            ],
            [
                "0.096356824",
                4,
                "y = 0.0",
                "0.31041396",
                "[0.         0.31041396 0.68958604]"
            ]
        ]
    }
}