{
    "dataset": "TwoDiamonds",
    "kmeans_centroids": [
        {
            "centroid": 0,
            "values": {
                "X1": 1.0043701000000003,
                "X2": 0.0044222524999999934
            },
            "prediction": "[0.83777803 0.16222201]",
            "class": "0",
            "rules": [
                {
                    "rule": "X1 < 1.288",
                    "mass_class_1": 0.7934240102767944,
                    "mass_class_2": 0.0,
                    "uncertainty": 0.20657598972320557
                },
                {
                    "rule": "0.001 < X2 < 0.293",
                    "mass_class_1": 0.12078447639942169,
                    "mass_class_2": 0.0620182529091835,
                    "uncertainty": 0.8171972632408142
                }
            ]
        },
        {
            "centroid": 1,
            "values": {
                "X1": 3.0840872249999998,
                "X2": -0.0020558000000000095
            },
            "prediction": "[0.17232849 0.82767147]",
            "class": "1",
            "rules": [
                {
                    "rule": "X1 > 2.800",
                    "mass_class_1": 0.0,
                    "mass_class_2": 0.8147232532501221,
                    "uncertainty": 0.18527673184871674
                },
                {
                    "rule": "-0.290 < X2 < 0.001",
                    "mass_class_1": 0.14279069006443024,
                    "mass_class_2": 0.036692164838314056,
                    "uncertainty": 0.8205171823501587
                }
            ]
        }
    ],
    "dsc_rules": {
        "0": [
            [
                "0.62952167",
                0,
                "X1 < 1.288",
                "0.793424",
                "[0.793424   0.         0.20657599]"
            ],
            [
                "0.61553824",
                1,
                "1.288 < X1 < 2.044",
                "0.78456247",
                "[0.78456247 0.         0.21543752]"
            ],
            [
                "0.025628475",
                5,
                "-0.290 < X2 < 0.001",
                "0.16008896",
                "[0.14279069 0.03669216 0.8205172 ]"
            ],
            [
                "0.022580896",
                7,
                "X2 > 0.293",
                "0.1502694",
                "[0.12151505 0.06431295 0.814172  ]"
            ],
            [
                "0.022079732",
                6,
                "0.001 < X2 < 0.293",
                "0.1485925",
                "[0.12078448 0.06201825 0.81719726]"
            ],
            [
                "0.020652479",
                4,
                "X2 < -0.290",
                "0.1437097",
                "[0.11427561 0.06644955 0.81927484]"
            ]
        ],
        "1": [
            [
                "0.6980235",
                2,
                "2.044 < X1 < 2.800",
                "0.835478",
                "[0.       0.835478 0.164522]"
            ],
            [
                "0.66377395",
                3,
                "X1 > 2.800",
                "0.81472325",
                "[0.         0.81472325 0.18527673]"
            ],
            [
                "0.012009106",
                4,
                "X2 < -0.290",
                "0.10958607",
                "[0.11427561 0.06644955 0.81927484]"
            ],
            [
                "0.011951145",
                7,
                "X2 > 0.293",
                "0.10932129",
                "[0.12151505 0.06431295 0.814172  ]"
            ],
            [
                "0.011337106",
                6,
                "0.001 < X2 < 0.293",
                "0.106475845",
                "[0.12078448 0.06201825 0.81719726]"
            ],
            [
                "0.0065856134",
                5,
                "-0.290 < X2 < 0.001",
                "0.08115179",
                "[0.14279069 0.03669216 0.8205172 ]"
            ]
        ]
    }
}