{
    "dataset": "WingNut",
    "kmeans_centroids": [
        {
            "centroid": 0,
            "values": {
                "X1": 0.9212998451676533,
                "X2": 1.0521627188856013
            },
            "prediction": "[0.8307535  0.16924648]",
            "class": "0",
            "rules": [
                {
                    "rule": "X1 > 0.740",
                    "mass_class_1": 0.7647656202316284,
                    "mass_class_2": 0.0,
                    "uncertainty": 0.23523437976837158
                },
                {
                    "rule": "0.899 < X2 < 1.500",
                    "mass_class_1": 0.16456076502799988,
                    "mass_class_2": 0.03535347431898117,
                    "uncertainty": 0.800085723400116
                }
            ]
        },
        {
            "centroid": 1,
            "values": {
                "X1": -0.9176798064833009,
                "X2": 1.9460776082121805
            },
            "prediction": "[0.1681177 0.8318823]",
            "class": "1",
            "rules": [
                {
                    "rule": "X1 < -0.740",
                    "mass_class_1": 0.0,
                    "mass_class_2": 0.7720152735710144,
                    "uncertainty": 0.2279846966266632
                },
                {
                    "rule": "1.500 < X2 < 2.101",
                    "mass_class_1": 0.04805886372923851,
                    "mass_class_2": 0.15616804361343384,
                    "uncertainty": 0.7957730293273926
                }
            ]
        }
    ],
    "dsc_rules": {
        "0": [
            [
                "0.58486646",
                3,
                "X1 > 0.740",
                "0.7647656",
                "[0.7647656  0.         0.23523438]"
            ],
            [
                "0.5187393",
                2,
                "0.000 < X1 < 0.740",
                "0.7202356",
                "[0.7202356 0.        0.2797644]"
            ],
            [
                "0.28338546",
                4,
                "X2 < 0.899",
                "0.53233963",
                "[0.53233963 0.         0.4676604 ]"
            ],
            [
                "0.032898046",
                5,
                "0.899 < X2 < 1.500",
                "0.18137819",
                "[0.16456077 0.03535347 0.8000857 ]"
            ],
            [
                "0.009814916",
                6,
                "1.500 < X2 < 2.101",
                "0.09907026",
                "[0.04805886 0.15616804 0.795773  ]"
            ]
        ],
        "1": [
            [
                "0.59600765",
                0,
                "X1 < -0.740",
                "0.77201533",
                "[0.        0.7720153 0.2279847]"
            ],
            [
                "0.5515822",
                1,
                "-0.740 < X1 < 0.000",
                "0.7426858",
                "[0.        0.7426858 0.2573142]"
            ],
            [
                "0.2595528",
                7,
                "X2 > 2.101",
                "0.50946325",
                "[0.         0.50946325 0.49053675]"
            ],
            [
                "0.031893726",
                6,
                "1.500 < X2 < 2.101",
                "0.17858815",
                "[0.04805886 0.15616804 0.795773  ]"
            ],
            [
                "0.007067664",
                5,
                "0.899 < X2 < 1.500",
                "0.0840694",
                "[0.16456077 0.03535347 0.8000857 ]"
            ]
        ]
    }
}