{
    "dataset": "Rectangle",
    "kmeans_centroids": [
        {
            "centroid": 0,
            "values": {
                "x": -0.04633624711765774,
                "y": 0.5759678248423153
            },
            "prediction": "[0.82752424 0.17247579]",
            "class": "0",
            "rules": [
                {
                    "rule": "y > 0.410",
                    "mass_class_1": 0.7594842314720154,
                    "mass_class_2": 0.0,
                    "uncertainty": 0.24051576852798462
                },
                {
                    "rule": "-0.412 < x < -0.021",
                    "mass_class_1": 0.15522943437099457,
                    "mass_class_2": 0.025156423449516296,
                    "uncertainty": 0.8196141123771667
                }
            ]
        },
        {
            "centroid": 1,
            "values": {
                "x": 0.00419824629615826,
                "y": -0.5865640830423053
            },
            "prediction": "[0.13871923 0.8612808 ]",
            "class": "1",
            "rules": [
                {
                    "rule": "y < -0.441",
                    "mass_class_1": 0.0,
                    "mass_class_2": 0.8404921889305115,
                    "uncertainty": 0.15950781106948853
                },
                {
                    "rule": "-0.021 < x < 0.371",
                    "mass_class_1": 0.10298662632703781,
                    "mass_class_2": 0.09424887597560883,
                    "uncertainty": 0.8027644753456116
                }
            ]
        }
    ],
    "dsc_rules": {
        "0": [
            [
                "0.68387055",
                6,
                "-0.016 < y < 0.410",
                "0.8269647",
                "[0.8269647  0.         0.17303534]"
            ],
            [
                "0.5768163",
                7,
                "y > 0.410",
                "0.75948423",
                "[0.75948423 0.         0.24051577]"
            ],
            [
                "0.03284034",
                0,
                "x < -0.412",
                "0.18121904",
                "[0.17355944 0.01565722 0.8107833 ]"
            ],
            [
                "0.028001199",
                1,
                "-0.412 < x < -0.021",
                "0.16733558",
                "[0.15522943 0.02515642 0.8196141 ]"
            ],
            [
                "0.024743583",
                3,
                "x > 0.371",
                "0.15730093",
                "[0.13760546 0.04220993 0.8201846 ]"
            ],
            [
                "0.020312622",
                2,
                "-0.021 < x < 0.371",
                "0.14252235",
                "[0.10298663 0.09424888 0.8027645 ]"
            ]
        ],
        "1": [
            [
                "0.7064271",
                4,
                "y < -0.441",
                "0.8404922",
                "[0.         0.8404922  0.15950781]"
            ],
            [
                "0.6603921",
                5,
                "-0.441 < y < -0.016",
                "0.81264514",
                "[0.         0.81264514 0.18735485]"
            ],
            [
                "0.018589227",
                2,
                "-0.021 < x < 0.371",
                "0.13634232",
                "[0.10298663 0.09424888 0.8027645 ]"
            ],
            [
                "0.0075899954",
                3,
                "x > 0.371",
                "0.08712058",
                "[0.13760546 0.04220993 0.8201846 ]"
            ],
            [
                "0.0045378637",
                1,
                "-0.412 < x < -0.021",
                "0.067363665",
                "[0.15522943 0.02515642 0.8196141 ]"
            ],
            [
                "0.0029626065",
                0,
                "x < -0.412",
                "0.05442983",
                "[0.17355944 0.01565722 0.8107833 ]"
            ]
        ]
    }
}