{
    "dataset": "Rectangle",
    "kmeans_centroids": [
        {
            "centroid": 0,
            "values": {
                "x": -0.046336247117657735,
                "y": 0.5759678248423153
            },
            "prediction": "[0.83316976 0.1668302 ]",
            "class": "0",
            "rules": [
                {
                    "rule": "y > 0.410",
                    "mass_class_1": 0.730457603931427,
                    "mass_class_2": 0.0,
                    "uncertainty": 0.2695423662662506
                },
                {
                    "rule": "-0.412 < x < -0.021",
                    "mass_class_1": 0.2571277916431427,
                    "mass_class_2": 0.0,
                    "uncertainty": 0.7428722381591797
                }
            ]
        },
        {
            "centroid": 1,
            "values": {
                "x": 0.00419824629615826,
                "y": -0.5865640830423052
            },
            "prediction": "[0.14220929 0.8577907 ]",
            "class": "1",
            "rules": [
                {
                    "rule": "y < -0.441",
                    "mass_class_1": 0.0,
                    "mass_class_2": 0.8591066002845764,
                    "uncertainty": 0.14089341461658478
                },
                {
                    "rule": "-0.021 < x < 0.371",
                    "mass_class_1": 0.16366343200206757,
                    "mass_class_2": 0.015904970467090607,
                    "uncertainty": 0.8204315900802612
                }
            ]
        }
    ],
    "dsc_rules": {
        "0": [
            [
                "0.6169712",
                6,
                "-0.016 < y < 0.410",
                "0.78547513",
                "[0.78547513 0.         0.21452485]"
            ],
            [
                "0.5335684",
                7,
                "y > 0.410",
                "0.73045766",
                "[0.7304576  0.         0.26954237]"
            ],
            [
                "0.066114694",
                1,
                "-0.412 < x < -0.021",
                "0.2571278",
                "[0.2571278  0.         0.74287224]"
            ],
            [
                "0.058982033",
                0,
                "x < -0.412",
                "0.24286216",
                "[0.24286218 0.         0.75713784]"
            ],
            [
                "0.05029925",
                3,
                "x > 0.371",
                "0.22427495",
                "[0.22427495 0.         0.77572507]"
            ],
            [
                "0.029388782",
                2,
                "-0.021 < x < 0.371",
                "0.17143157",
                "[0.16366343 0.01590497 0.8204316 ]"
            ]
        ],
        "1": [
            [
                "0.73806417",
                4,
                "y < -0.441",
                "0.8591066",
                "[0.         0.8591066  0.14089341]"
            ],
            [
                "0.72218305",
                5,
                "-0.441 < y < -0.016",
                "0.8498135",
                "[0.         0.8498135  0.15018646]"
            ],
            [
                "0.0028560304",
                2,
                "-0.021 < x < 0.371",
                "0.05344184",
                "[0.16366343 0.01590497 0.8204316 ]"
            ]
        ]
    }
}