{
    "dataset": "Gaussian",
    "kmeans_centroids": [
        {
            "centroid": 0,
            "values": {
                "x": 1.1928591125867567,
                "y": 0.18145611956065327
            },
            "prediction": "[0.92709833 0.07290165]",
            "class": "0",
            "rules": [
                {
                    "rule": "x > 1.067",
                    "mass_class_1": 0.7674954533576965,
                    "mass_class_2": 0.0,
                    "uncertainty": 0.23250457644462585
                },
                {
                    "rule": "y < 0.247",
                    "mass_class_1": 0.6617949604988098,
                    "mass_class_2": 0.0,
                    "uncertainty": 0.3382050395011902
                }
            ]
        },
        {
            "centroid": 1,
            "values": {
                "x": 0.17778860369263239,
                "y": 0.9035088808842218
            },
            "prediction": "[0.08792859 0.9120714 ]",
            "class": "1",
            "rules": [
                {
                    "rule": "x < 0.304",
                    "mass_class_1": 0.0,
                    "mass_class_2": 0.7135136127471924,
                    "uncertainty": 0.2864863872528076
                },
                {
                    "rule": "y > 0.838",
                    "mass_class_1": 0.0,
                    "mass_class_2": 0.6634905338287354,
                    "uncertainty": 0.33650946617126465
                }
            ]
        }
    ],
    "dsc_rules": {
        "0": [
            [
                "0.5890492",
                3,
                "x > 1.067",
                "0.7674954",
                "[0.76749545 0.         0.23250458]"
            ],
            [
                "0.4429341",
                2,
                "0.685 < x < 1.067",
                "0.66553295",
                "[0.66553295 0.         0.33446705]"
            ],
            [
                "0.43797258",
                4,
                "y < 0.247",
                "0.66179496",
                "[0.66179496 0.         0.33820504]"
            ],
            [
                "0.1609163",
                5,
                "0.247 < y < 0.542",
                "0.40114373",
                "[0.40114373 0.         0.5988563 ]"
            ],
            [
                "0.00015389388",
                6,
                "0.542 < y < 0.838",
                "0.012405397",
                "[2.9524855e-04 5.2093965e-01 4.7876504e-01]"
            ]
        ],
        "1": [
            [
                "0.5091017",
                0,
                "x < 0.304",
                "0.7135136",
                "[0.        0.7135136 0.2864864]"
            ],
            [
                "0.4402197",
                7,
                "y > 0.838",
                "0.66349053",
                "[0.         0.66349053 0.33650947]"
            ],
            [
                "0.43028802",
                1,
                "0.304 < x < 0.685",
                "0.6559634",
                "[0.         0.6559634  0.34403655]"
            ],
            [
                "0.27153197",
                6,
                "0.542 < y < 0.838",
                "0.5210873",
                "[2.9524855e-04 5.2093965e-01 4.7876504e-01]"
            ]
        ]
    }
}