{
    "dataset": "TwoDiamonds",
    "kmeans_centroids": [
        {
            "centroid": 0,
            "values": {
                "X1": 1.0043701000000003,
                "X2": 0.0044222524999999934
            },
            "prediction": "[0.81355184 0.18644813]",
            "class": "0",
            "rules": [
                {
                    "rule": "X1 < 1.288",
                    "mass_class_1": 0.7482914328575134,
                    "mass_class_2": 0.0,
                    "uncertainty": 0.2517085671424866
                },
                {
                    "rule": "0.001 < X2 < 0.293",
                    "mass_class_1": 0.13457214832305908,
                    "mass_class_2": 0.049491338431835175,
                    "uncertainty": 0.8159365057945251
                }
            ]
        },
        {
            "centroid": 1,
            "values": {
                "X1": 3.0840872249999998,
                "X2": -0.0020558000000000095
            },
            "prediction": "[0.18779714 0.8122029 ]",
            "class": "1",
            "rules": [
                {
                    "rule": "X1 > 2.800",
                    "mass_class_1": 0.0,
                    "mass_class_2": 0.8002606630325317,
                    "uncertainty": 0.19973933696746826
                },
                {
                    "rule": "-0.290 < X2 < 0.001",
                    "mass_class_1": 0.1570216566324234,
                    "mass_class_2": 0.02416292577981949,
                    "uncertainty": 0.8188154101371765
                }
            ]
        }
    ],
    "dsc_rules": {
        "0": [
            [
                "0.6246595",
                1,
                "1.288 < X1 < 2.044",
                "0.790354",
                "[0.790354   0.         0.20964602]"
            ],
            [
                "0.55994004",
                0,
                "X1 < 1.288",
                "0.74829143",
                "[0.74829143 0.         0.25170857]"
            ],
            [
                "0.028449904",
                5,
                "-0.290 < X2 < 0.001",
                "0.168671",
                "[0.15702166 0.02416293 0.8188154 ]"
            ],
            [
                "0.026552105",
                7,
                "X2 > 0.293",
                "0.16294816",
                "[0.1423511  0.04417434 0.81347454]"
            ],
            [
                "0.025548091",
                4,
                "X2 < -0.290",
                "0.15983771",
                "[0.1370193  0.0494368  0.81354386]"
            ],
            [
                "0.02476982",
                6,
                "0.001 < X2 < 0.293",
                "0.1573843",
                "[0.13457215 0.04949134 0.8159365 ]"
            ]
        ],
        "1": [
            [
                "0.6869583",
                2,
                "2.044 < X1 < 2.800",
                "0.82882947",
                "[0.         0.82882947 0.17117052]"
            ],
            [
                "0.6404171",
                3,
                "X1 > 2.800",
                "0.80026066",
                "[0.         0.80026066 0.19973934]"
            ],
            [
                "0.009217796",
                4,
                "X2 < -0.290",
                "0.09600935",
                "[0.1370193  0.0494368  0.81354386]"
            ],
            [
                "0.009109548",
                6,
                "0.001 < X2 < 0.293",
                "0.09544396",
                "[0.13457215 0.04949134 0.8159365 ]"
            ],
            [
                "0.008239639",
                7,
                "X2 > 0.293",
                "0.09077246",
                "[0.1423511  0.04417434 0.81347454]"
            ],
            [
                "0.00437795",
                5,
                "-0.290 < X2 < 0.001",
                "0.06616608",
                "[0.15702166 0.02416293 0.8188154 ]"
            ]
        ]
    }
}