{
    "dataset": "Rectangle",
    "kmeans_centroids": [
        {
            "centroid": 0,
            "values": {
                "x": 0.00419824629615826,
                "y": -0.5865640830423052
            },
            "prediction": "[0.8546276  0.14537245]",
            "class": "0",
            "rules": [
                {
                    "rule": "y < -0.441",
                    "mass_class_1": 0.8527373671531677,
                    "mass_class_2": 0.0,
                    "uncertainty": 0.14726263284683228
                },
                {
                    "rule": "-0.021 < x < 0.371",
                    "mass_class_1": 0.02412901632487774,
                    "mass_class_2": 0.15514972805976868,
                    "uncertainty": 0.8207212686538696
                }
            ]
        },
        {
            "centroid": 1,
            "values": {
                "x": -0.046336247117657735,
                "y": 0.5759678248423153
            },
            "prediction": "[0.17881739 0.8211826 ]",
            "class": "1",
            "rules": [
                {
                    "rule": "y > 0.410",
                    "mass_class_1": 0.0,
                    "mass_class_2": 0.7196834683418274,
                    "uncertainty": 0.280316561460495
                },
                {
                    "rule": "-0.412 < x < -0.021",
                    "mass_class_1": 0.0,
                    "mass_class_2": 0.22317849099636078,
                    "uncertainty": 0.776821494102478
                }
            ]
        }
    ],
    "dsc_rules": {
        "0": [
            [
                "0.727161",
                4,
                "y < -0.441",
                "0.85273737",
                "[0.85273737 0.         0.14726263]"
            ],
            [
                "0.69977134",
                5,
                "-0.441 < y < -0.016",
                "0.83652335",
                "[0.83652335 0.         0.16347663]"
            ],
            [
                "0.0043258197",
                2,
                "-0.021 < x < 0.371",
                "0.06577096",
                "[0.02412902 0.15514973 0.82072127]"
            ]
        ],
        "1": [
            [
                "0.6099778",
                6,
                "-0.016 < y < 0.410",
                "0.78101075",
                "[0.         0.78101075 0.21898924]"
            ],
            [
                "0.5179443",
                7,
                "y > 0.410",
                "0.71968347",
                "[0.         0.71968347 0.28031656]"
            ],
            [
                "0.065889366",
                0,
                "x < -0.412",
                "0.25668925",
                "[0.         0.25668922 0.74331075]"
            ],
            [
                "0.049808644",
                1,
                "-0.412 < x < -0.021",
                "0.2231785",
                "[0.         0.22317849 0.7768215 ]"
            ],
            [
                "0.04660849",
                3,
                "x > 0.371",
                "0.21588999",
                "[0.         0.21588999 0.78411   ]"
            ],
            [
                "0.027815046",
                2,
                "-0.021 < x < 0.371",
                "0.16677843",
                "[0.02412902 0.15514973 0.82072127]"
            ]
        ]
    }
}