{
    "dataset": "TwoDiamonds",
    "kmeans_centroids": [
        {
            "centroid": 0,
            "values": {
                "X1": 3.084087225,
                "X2": -0.0020558000000000095
            },
            "prediction": "[0.83244693 0.16755311]",
            "class": "0",
            "rules": [
                {
                    "rule": "X1 > 2.800",
                    "mass_class_1": 0.8106491565704346,
                    "mass_class_2": 0.0,
                    "uncertainty": 0.18935081362724304
                },
                {
                    "rule": "-0.290 < X2 < 0.001",
                    "mass_class_1": 0.060992561280727386,
                    "mass_class_2": 0.1166347786784172,
                    "uncertainty": 0.8223726749420166
                }
            ]
        },
        {
            "centroid": 1,
            "values": {
                "X1": 1.0043701000000003,
                "X2": 0.0044222524999999934
            },
            "prediction": "[0.1500254 0.8499747]",
            "class": "1",
            "rules": [
                {
                    "rule": "X1 < 1.288",
                    "mass_class_1": 0.0,
                    "mass_class_2": 0.8223823308944702,
                    "uncertainty": 0.17761768400669098
                },
                {
                    "rule": "0.001 < X2 < 0.293",
                    "mass_class_1": 0.0890064388513565,
                    "mass_class_2": 0.09470964968204498,
                    "uncertainty": 0.8162838816642761
                }
            ]
        }
    ],
    "dsc_rules": {
        "0": [
            [
                "0.70804507",
                2,
                "2.044 < X1 < 2.800",
                "0.84145415",
                "[0.84145415 0.         0.15854585]"
            ],
            [
                "0.65715206",
                3,
                "X1 > 2.800",
                "0.81064916",
                "[0.81064916 0.         0.18935081]"
            ],
            [
                "0.017676998",
                4,
                "X2 < -0.290",
                "0.13295487",
                "[0.09759626 0.08352755 0.81887627]"
            ],
            [
                "0.01761366",
                7,
                "X2 > 0.293",
                "0.13271646",
                "[0.09583282 0.08796289 0.8162043 ]"
            ],
            [
                "0.016351918",
                6,
                "0.001 < X2 < 0.293",
                "0.12787461",
                "[0.08900644 0.09470965 0.8162839 ]"
            ],
            [
                "0.010833945",
                5,
                "-0.290 < X2 < 0.001",
                "0.104086235",
                "[0.06099256 0.11663478 0.8223727 ]"
            ]
        ],
        "1": [
            [
                "0.6763127",
                0,
                "X1 < 1.288",
                "0.82238233",
                "[0.         0.82238233 0.17761768]"
            ],
            [
                "0.6328165",
                1,
                "1.288 < X1 < 2.044",
                "0.79549766",
                "[0.         0.79549766 0.20450234]"
            ],
            [
                "0.020717524",
                5,
                "-0.290 < X2 < 0.001",
                "0.14393583",
                "[0.06099256 0.11663478 0.8223727 ]"
            ],
            [
                "0.01739969",
                6,
                "0.001 < X2 < 0.293",
                "0.13190788",
                "[0.08900644 0.09470965 0.8162839 ]"
            ],
            [
                "0.0161672",
                7,
                "X2 > 0.293",
                "0.1271503",
                "[0.09583282 0.08796289 0.8162043 ]"
            ],
            [
                "0.015128822",
                4,
                "X2 < -0.290",
                "0.12299927",
                "[0.09759626 0.08352755 0.81887627]"
            ]
        ]
    }
}