{
    "dataset": "TwoDiamonds",
    "kmeans_centroids": [
        {
            "centroid": 0,
            "values": {
                "X1": 3.0840872249999998,
                "X2": -0.0020558000000000095
            },
            "prediction": "[0.8409279  0.15907215]",
            "class": "0",
            "rules": [
                {
                    "rule": "X1 > 2.800",
                    "mass_class_1": 0.8405410051345825,
                    "mass_class_2": 0.0,
                    "uncertainty": 0.15945902466773987
                },
                {
                    "rule": "-0.290 < X2 < 0.001",
                    "mass_class_1": 0.008205624297261238,
                    "mass_class_2": 0.1639440506696701,
                    "uncertainty": 0.827850341796875
                }
            ]
        },
        {
            "centroid": 1,
            "values": {
                "X1": 1.0043701000000003,
                "X2": 0.0044222524999999934
            },
            "prediction": "[0.1641281 0.8358719]",
            "class": "1",
            "rules": [
                {
                    "rule": "X1 < 1.288",
                    "mass_class_1": 0.0,
                    "mass_class_2": 0.7756167054176331,
                    "uncertainty": 0.22438326478004456
                },
                {
                    "rule": "0.001 < X2 < 0.293",
                    "mass_class_1": 0.02842545136809349,
                    "mass_class_2": 0.14978481829166412,
                    "uncertainty": 0.8217897415161133
                }
            ]
        }
    ],
    "dsc_rules": {
        "0": [
            [
                "0.7065092",
                3,
                "X1 > 2.800",
                "0.840541",
                "[0.840541   0.         0.15945902]"
            ],
            [
                "0.7014835",
                2,
                "2.044 < X1 < 2.800",
                "0.8375461",
                "[0.8375461  0.         0.16245387]"
            ],
            [
                "0.005065707",
                6,
                "0.001 < X2 < 0.293",
                "0.07117378",
                "[0.02842545 0.14978482 0.82178974]"
            ],
            [
                "0.004984921",
                7,
                "X2 > 0.293",
                "0.070603974",
                "[0.02611105 0.16480127 0.8090877 ]"
            ],
            [
                "0.0040893527",
                4,
                "X2 < -0.290",
                "0.06394805",
                "[0.02361393 0.14956155 0.82682455]"
            ],
            [
                "0.0014125954",
                5,
                "-0.290 < X2 < 0.001",
                "0.03758451",
                "[0.00820562 0.16394405 0.82785034]"
            ]
        ],
        "1": [
            [
                "0.63830066",
                1,
                "1.288 < X1 < 2.044",
                "0.7989372",
                "[0.         0.7989372  0.20106277]"
            ],
            [
                "0.60158134",
                0,
                "X1 < 1.288",
                "0.77561677",
                "[0.         0.7756167  0.22438326]"
            ],
            [
                "0.03146259",
                7,
                "X2 > 0.293",
                "0.17737697",
                "[0.02611105 0.16480127 0.8090877 ]"
            ],
            [
                "0.028222913",
                5,
                "-0.290 < X2 < 0.001",
                "0.16799676",
                "[0.00820562 0.16394405 0.82785034]"
            ],
            [
                "0.026693191",
                6,
                "0.001 < X2 < 0.293",
                "0.1633805",
                "[0.02842545 0.14978482 0.82178974]"
            ],
            [
                "0.02590039",
                4,
                "X2 < -0.290",
                "0.16093598",
                "[0.02361393 0.14956155 0.82682455]"
            ]
        ]
    }
}