{
    "dataset": "WingNut",
    "kmeans_centroids": [
        {
            "centroid": 0,
            "values": {
                "X1": -0.9190334895669295,
                "X2": 1.9478856507480313
            },
            "prediction": "[0.8738528 0.1261472]",
            "class": "0",
            "rules": [
                {
                    "rule": "X1 < -0.740",
                    "mass_class_1": 0.8583826422691345,
                    "mass_class_2": 0.0,
                    "uncertainty": 0.14161735773086548
                },
                {
                    "rule": "1.500 < X2 < 2.101",
                    "mass_class_1": 0.07627168297767639,
                    "mass_class_2": 0.09380549192428589,
                    "uncertainty": 0.8299228549003601
                }
            ]
        },
        {
            "centroid": 1,
            "values": {
                "X1": 0.9190334895669295,
                "X2": 1.0521143513287399
            },
            "prediction": "[0.14732656 0.8526734 ]",
            "class": "1",
            "rules": [
                {
                    "rule": "X1 > 0.740",
                    "mass_class_1": 0.0,
                    "mass_class_2": 0.7676533460617065,
                    "uncertainty": 0.23234666883945465
                },
                {
                    "rule": "0.899 < X2 < 1.500",
                    "mass_class_1": 0.0,
                    "mass_class_2": 0.2563614547252655,
                    "uncertainty": 0.7436385154724121
                }
            ]
        }
    ],
    "dsc_rules": {
        "0": [
            [
                "0.73682076",
                0,
                "X1 < -0.740",
                "0.85838264",
                "[0.85838264 0.         0.14161736]"
            ],
            [
                "0.58449054",
                1,
                "-0.740 < X1 < 0.000",
                "0.7645198",
                "[0.7645198  0.         0.23548016]"
            ],
            [
                "0.2381057",
                7,
                "X2 > 2.101",
                "0.48796076",
                "[4.8778844e-01 3.4471962e-04 5.1186687e-01]"
            ],
            [
                "0.01297207",
                6,
                "1.500 < X2 < 2.101",
                "0.11389499",
                "[0.07627168 0.09380549 0.82992285]"
            ]
        ],
        "1": [
            [
                "0.58929163",
                3,
                "X1 > 0.740",
                "0.76765335",
                "[0.         0.76765335 0.23234667]"
            ],
            [
                "0.48490462",
                2,
                "0.000 < X1 < 0.740",
                "0.69635093",
                "[0.         0.69635093 0.30364904]"
            ],
            [
                "0.31757995",
                4,
                "X2 < 0.899",
                "0.5635423",
                "[0.         0.5635423  0.43645766]"
            ],
            [
                "0.06572121",
                5,
                "0.899 < X2 < 1.500",
                "0.25636148",
                "[0.         0.25636145 0.7436385 ]"
            ],
            [
                "0.01595417",
                6,
                "1.500 < X2 < 2.101",
                "0.12630981",
                "[0.07627168 0.09380549 0.82992285]"
            ],
            [
                "0.00016826906",
                7,
                "X2 > 2.101",
                "0.012971857",
                "[4.8778844e-01 3.4471962e-04 5.1186687e-01]"
            ]
        ]
    }
}