{
    "dataset": "EngyTime",
    "kmeans_centroids": [
        {
            "centroid": 0,
            "values": {
                "X1": 0.5047955701030933,
                "X2": 0.33897749278350475
            },
            "prediction": "[0.93664026 0.06335974]",
            "class": "0",
            "rules": [
                {
                    "rule": "X2 < 0.545",
                    "mass_class_1": 0.862565815448761,
                    "mass_class_2": 0.0,
                    "uncertainty": 0.1374341994524002
                },
                {
                    "rule": "0.299 < X1 < 1.279",
                    "mass_class_1": 0.5077952742576599,
                    "mass_class_2": 0.0,
                    "uncertainty": 0.4922046959400177
                }
            ]
        },
        {
            "centroid": 1,
            "values": {
                "X1": 1.9762568079777365,
                "X2": 2.9513509239332096
            },
            "prediction": "[0.04121108 0.95878893]",
            "class": "1",
            "rules": [
                {
                    "rule": "X2 > 2.883",
                    "mass_class_1": 0.0,
                    "mass_class_2": 0.9650399088859558,
                    "uncertainty": 0.03496011346578598
                },
                {
                    "rule": "1.279 < X1 < 2.260",
                    "mass_class_1": 0.18778999149799347,
                    "mass_class_2": 0.001411651261150837,
                    "uncertainty": 0.8107983469963074
                }
            ]
        }
    ],
    "dsc_rules": {
        "0": [
            [
                "0.7440198",
                4,
                "X2 < 0.545",
                "0.8625658",
                "[0.8625658 0.        0.1374342]"
            ],
            [
                "0.6984613",
                0,
                "X1 < 0.299",
                "0.83574",
                "[0.83574    0.         0.16426003]"
            ],
            [
                "0.3974869",
                5,
                "0.545 < X2 < 1.714",
                "0.6304656",
                "[0.6304656  0.         0.36953434]"
            ],
            [
                "0.25785607",
                1,
                "0.299 < X1 < 1.279",
                "0.50779533",
                "[0.5077953 0.        0.4922047]"
            ],
            [
                "0.035530176",
                2,
                "1.279 < X1 < 2.260",
                "0.1884945",
                "[0.18778999 0.00141165 0.81079835]"
            ]
        ],
        "1": [
            [
                "0.931302",
                7,
                "X2 > 2.883",
                "0.9650399",
                "[0.         0.9650399  0.03496011]"
            ],
            [
                "0.67275596",
                3,
                "X1 > 2.260",
                "0.820217",
                "[0.         0.820217   0.17978297]"
            ],
            [
                "0.37672958",
                6,
                "1.714 < X2 < 2.883",
                "0.613783",
                "[0.       0.613783 0.386217]"
            ],
            [
                "0.00026708675",
                2,
                "1.279 < X1 < 2.260",
                "0.016342789",
                "[0.18778999 0.00141165 0.81079835]"
            ]
        ]
    }
}