{
    "dataset": "TwoDiamonds",
    "kmeans_centroids": [
        {
            "centroid": 0,
            "values": {
                "X1": 1.0043701000000003,
                "X2": 0.0044222524999999934
            },
            "prediction": "[0.85877293 0.14122704]",
            "class": "0",
            "rules": [
                {
                    "rule": "X1 < 1.288",
                    "mass_class_1": 0.8890936970710754,
                    "mass_class_2": 0.0,
                    "uncertainty": 0.11090628057718277
                },
                {
                    "rule": "0.001 < X2 < 0.293",
                    "mass_class_1": 0.0,
                    "mass_class_2": 0.32560139894485474,
                    "uncertainty": 0.6743986010551453
                }
            ]
        },
        {
            "centroid": 1,
            "values": {
                "X1": 3.0840872249999998,
                "X2": -0.0020558000000000095
            },
            "prediction": "[0.14449146 0.85550857]",
            "class": "1",
            "rules": [
                {
                    "rule": "X1 > 2.800",
                    "mass_class_1": 0.0,
                    "mass_class_2": 0.768142580986023,
                    "uncertainty": 0.23185740411281586
                },
                {
                    "rule": "-0.290 < X2 < 0.001",
                    "mass_class_1": 0.0,
                    "mass_class_2": 0.2715548574924469,
                    "uncertainty": 0.7284451723098755
                }
            ]
        }
    ],
    "dsc_rules": {
        "0": [
            [
                "0.7904876",
                0,
                "X1 < 1.288",
                "0.8890937",
                "[0.8890937  0.         0.11090628]"
            ],
            [
                "0.7897535",
                1,
                "1.288 < X1 < 2.044",
                "0.88868076",
                "[0.88868076 0.         0.11131924]"
            ]
        ],
        "1": [
            [
                "0.590043",
                3,
                "X1 > 2.800",
                "0.7681426",
                "[0.        0.7681426 0.2318574]"
            ],
            [
                "0.5479169",
                2,
                "2.044 < X1 < 2.800",
                "0.7402141",
                "[0.         0.74021405 0.25978592]"
            ],
            [
                "0.10601627",
                6,
                "0.001 < X2 < 0.293",
                "0.3256014",
                "[0.        0.3256014 0.6743986]"
            ],
            [
                "0.090432405",
                7,
                "X2 > 0.293",
                "0.3007198",
                "[0.         0.30071983 0.6992802 ]"
            ],
            [
                "0.088259205",
                4,
                "X2 < -0.290",
                "0.2970845",
                "[0.        0.2970845 0.7029155]"
            ],
            [
                "0.07374203",
                5,
                "-0.290 < X2 < 0.001",
                "0.27155483",
                "[0.         0.27155486 0.7284452 ]"
            ]
        ]
    }
}