{
    "dataset": "Rectangle",
    "kmeans_centroids": [
        {
            "centroid": 0,
            "values": {
                "x": -0.046336247117657735,
                "y": 0.5759678248423153
            },
            "prediction": "[0.8383457  0.16165428]",
            "class": "0",
            "rules": [
                {
                    "rule": "y > 0.410",
                    "mass_class_1": 0.840555727481842,
                    "mass_class_2": 0.0,
                    "uncertainty": 0.15944425761699677
                },
                {
                    "rule": "-0.412 < x < -0.021",
                    "mass_class_1": 0.0009672282612882555,
                    "mass_class_2": 0.17391535639762878,
                    "uncertainty": 0.8251174092292786
                }
            ]
        },
        {
            "centroid": 1,
            "values": {
                "x": 0.004198246296158264,
                "y": -0.5865640830423052
            },
            "prediction": "[0.15082213 0.8491779 ]",
            "class": "1",
            "rules": [
                {
                    "rule": "y < -0.441",
                    "mass_class_1": 0.0,
                    "mass_class_2": 0.765219509601593,
                    "uncertainty": 0.23478050529956818
                },
                {
                    "rule": "-0.021 < x < 0.371",
                    "mass_class_1": 0.0,
                    "mass_class_2": 0.24350792169570923,
                    "uncertainty": 0.7564920783042908
                }
            ]
        }
    ],
    "dsc_rules": {
        "0": [
            [
                "0.74939007",
                6,
                "-0.016 < y < 0.410",
                "0.8656732",
                "[0.8656732  0.         0.13432683]"
            ],
            [
                "0.7065339",
                7,
                "y > 0.410",
                "0.8405557",
                "[0.8405557  0.         0.15944426]"
            ],
            [
                "0.0018155508",
                0,
                "x < -0.412",
                "0.04260928",
                "[0.01036399 0.16481483 0.8248212 ]"
            ],
            [
                "0.00016915139",
                1,
                "-0.412 < x < -0.021",
                "0.013005821",
                "[0.00096723 0.17391536 0.8251174 ]"
            ]
        ],
        "1": [
            [
                "0.5910656",
                5,
                "-0.441 < y < -0.016",
                "0.7688079",
                "[0.         0.7688079  0.23119208]"
            ],
            [
                "0.5855609",
                4,
                "y < -0.441",
                "0.7652195",
                "[0.        0.7652195 0.2347805]"
            ],
            [
                "0.05929611",
                2,
                "-0.021 < x < 0.371",
                "0.24350792",
                "[0.         0.24350792 0.7564921 ]"
            ],
            [
                "0.035691116",
                3,
                "x > 0.371",
                "0.18892093",
                "[0.         0.18892093 0.8110791 ]"
            ],
            [
                "0.030414768",
                1,
                "-0.412 < x < -0.021",
                "0.1743983",
                "[0.00096723 0.17391536 0.8251174 ]"
            ],
            [
                "0.028872069",
                0,
                "x < -0.412",
                "0.16991784",
                "[0.01036399 0.16481483 0.8248212 ]"
            ]
        ]
    }
}