{
    "dataset": "EngyTime",
    "kmeans_centroids": [
        {
            "centroid": 0,
            "values": {
                "X1": 0.5140143535146234,
                "X2": 0.34178288096459664
            },
            "prediction": "[0.9531069  0.04689319]",
            "class": "0",
            "rules": [
                {
                    "rule": "X2 < 0.545",
                    "mass_class_1": 0.8947367072105408,
                    "mass_class_2": 0.0,
                    "uncertainty": 0.10526327043771744
                },
                {
                    "rule": "0.299 < X1 < 1.279",
                    "mass_class_1": 0.5325971841812134,
                    "mass_class_2": 0.0,
                    "uncertainty": 0.467402845621109
                }
            ]
        },
        {
            "centroid": 1,
            "values": {
                "X1": 1.9740564084769443,
                "X2": 2.9597550503027477
            },
            "prediction": "[0.02763664 0.97236335]",
            "class": "1",
            "rules": [
                {
                    "rule": "X2 > 2.883",
                    "mass_class_1": 0.0,
                    "mass_class_2": 0.9770707488059998,
                    "uncertainty": 0.022929251194000244
                },
                {
                    "rule": "1.279 < X1 < 2.260",
                    "mass_class_1": 0.19512103497982025,
                    "mass_class_2": 0.0023061337415128946,
                    "uncertainty": 0.8025728464126587
                }
            ]
        }
    ],
    "dsc_rules": {
        "0": [
            [
                "0.8005538",
                4,
                "X2 < 0.545",
                "0.8947367",
                "[0.8947367  0.         0.10526327]"
            ],
            [
                "0.72766757",
                0,
                "X1 < 0.299",
                "0.8530343",
                "[0.8530343  0.         0.14696568]"
            ],
            [
                "0.398912",
                5,
                "0.545 < X2 < 1.714",
                "0.63159484",
                "[0.63159484 0.         0.3684052 ]"
            ],
            [
                "0.28365976",
                1,
                "0.299 < X1 < 1.279",
                "0.5325972",
                "[0.5325972  0.         0.46740285]"
            ],
            [
                "0.03852219",
                2,
                "1.279 < X1 < 2.260",
                "0.1962707",
                "[0.19512103 0.00230613 0.80257285]"
            ]
        ],
        "1": [
            [
                "0.95466727",
                7,
                "X2 > 2.883",
                "0.97707075",
                "[0.         0.97707075 0.02292925]"
            ],
            [
                "0.71054006",
                3,
                "X1 > 2.260",
                "0.8429354",
                "[0.         0.8429354  0.15706463]"
            ],
            [
                "0.40451452",
                6,
                "1.714 < X2 < 2.883",
                "0.6360146",
                "[0.         0.6360145  0.36398545]"
            ],
            [
                "0.00045529343",
                2,
                "1.279 < X1 < 2.260",
                "0.021337606",
                "[0.19512103 0.00230613 0.80257285]"
            ]
        ]
    }
}