{
    "dataset": "Gaussian",
    "kmeans_centroids": [
        {
            "centroid": 0,
            "values": {
                "x": 1.1928591125867567,
                "y": 0.18145611956065327
            },
            "prediction": "[0.9060133 0.0939867]",
            "class": "0",
            "rules": [
                {
                    "rule": "x > 1.067",
                    "mass_class_1": 0.6807817816734314,
                    "mass_class_2": 0.0,
                    "uncertainty": 0.3192182183265686
                },
                {
                    "rule": "y < 0.247",
                    "mass_class_1": 0.6750293970108032,
                    "mass_class_2": 0.0,
                    "uncertainty": 0.32497063279151917
                }
            ]
        },
        {
            "centroid": 1,
            "values": {
                "x": 0.17778860369263239,
                "y": 0.9035088808842218
            },
            "prediction": "[0.07691439 0.92308563]",
            "class": "1",
            "rules": [
                {
                    "rule": "x < 0.304",
                    "mass_class_1": 0.0,
                    "mass_class_2": 0.7496185302734375,
                    "uncertainty": 0.2503814697265625
                },
                {
                    "rule": "y > 0.838",
                    "mass_class_1": 0.0,
                    "mass_class_2": 0.6672152876853943,
                    "uncertainty": 0.3327847421169281
                }
            ]
        }
    ],
    "dsc_rules": {
        "0": [
            [
                "0.46346384",
                3,
                "x > 1.067",
                "0.6807818",
                "[0.6807818  0.         0.31921822]"
            ],
            [
                "0.4556647",
                4,
                "y < 0.247",
                "0.6750294",
                "[0.6750294  0.         0.32497063]"
            ],
            [
                "0.44565716",
                2,
                "0.685 < x < 1.067",
                "0.6675756",
                "[0.6675756 0.        0.3324244]"
            ],
            [
                "0.24224372",
                5,
                "0.247 < y < 0.542",
                "0.4921826",
                "[0.4921826 0.        0.5078174]"
            ]
        ],
        "1": [
            [
                "0.5619279",
                0,
                "x < 0.304",
                "0.74961853",
                "[0.         0.74961853 0.25038147]"
            ],
            [
                "0.46074575",
                1,
                "0.304 < x < 0.685",
                "0.6787825",
                "[0.         0.6787825  0.32121745]"
            ],
            [
                "0.4451762",
                7,
                "y > 0.838",
                "0.6672153",
                "[0.         0.6672153  0.33278474]"
            ],
            [
                "0.18848194",
                6,
                "0.542 < y < 0.838",
                "0.43414506",
                "[0.         0.43414506 0.5658549 ]"
            ]
        ]
    }
}