{
    "dataset": "WingNut",
    "kmeans_centroids": [
        {
            "centroid": 0,
            "values": {
                "X1": -0.9176798064833009,
                "X2": 1.9460776082121805
            },
            "prediction": "[0.8547215  0.14527851]",
            "class": "0",
            "rules": [
                {
                    "rule": "X1 < -0.740",
                    "mass_class_1": 0.8027824759483337,
                    "mass_class_2": 0.0,
                    "uncertainty": 0.19721750915050507
                },
                {
                    "rule": "1.500 < X2 < 2.101",
                    "mass_class_1": 0.1691220998764038,
                    "mass_class_2": 0.03593587502837181,
                    "uncertainty": 0.7949420213699341
                }
            ]
        },
        {
            "centroid": 1,
            "values": {
                "X1": 0.9212998451676533,
                "X2": 1.0521627188856013
            },
            "prediction": "[0.13335232 0.86664766]",
            "class": "1",
            "rules": [
                {
                    "rule": "X1 > 0.740",
                    "mass_class_1": 0.0,
                    "mass_class_2": 0.8263850808143616,
                    "uncertainty": 0.17361491918563843
                },
                {
                    "rule": "0.899 < X2 < 1.500",
                    "mass_class_1": 0.04675918072462082,
                    "mass_class_2": 0.1551617532968521,
                    "uncertainty": 0.7980791330337524
                }
            ]
        }
    ],
    "dsc_rules": {
        "0": [
            [
                "0.6444597",
                0,
                "X1 < -0.740",
                "0.8027825",
                "[0.8027825  0.         0.19721751]"
            ],
            [
                "0.5654249",
                1,
                "-0.740 < X1 < 0.000",
                "0.7519474",
                "[0.7519474 0.        0.2480526]"
            ],
            [
                "0.27419928",
                7,
                "X2 > 2.101",
                "0.5236404",
                "[0.5236404 0.        0.4763596]"
            ],
            [
                "0.034679838",
                6,
                "1.500 < X2 < 2.101",
                "0.18622524",
                "[0.1691221  0.03593588 0.794942  ]"
            ],
            [
                "0.009441654",
                5,
                "0.899 < X2 < 1.500",
                "0.09716818",
                "[0.04675918 0.15516175 0.79807913]"
            ]
        ],
        "1": [
            [
                "0.6829123",
                3,
                "X1 > 0.740",
                "0.8263851",
                "[0.         0.8263851  0.17361492]"
            ],
            [
                "0.5197763",
                2,
                "0.000 < X1 < 0.740",
                "0.72095513",
                "[0.         0.72095513 0.2790449 ]"
            ],
            [
                "0.23971361",
                4,
                "X2 < 0.899",
                "0.48960558",
                "[0.         0.48960558 0.51039445]"
            ],
            [
                "0.031330395",
                5,
                "0.899 < X2 < 1.500",
                "0.17700393",
                "[0.04675918 0.15516175 0.79807913]"
            ],
            [
                "0.007368938",
                6,
                "1.500 < X2 < 2.101",
                "0.08584252",
                "[0.1691221  0.03593588 0.794942  ]"
            ]
        ]
    }
}