{
    "dataset": "EngyTime",
    "kmeans_centroids": [
        {
            "centroid": 0,
            "values": {
                "X1": 0.5047955701030933,
                "X2": 0.33897749278350475
            },
            "prediction": "[0.94059265 0.05940729]",
            "class": "0",
            "rules": [
                {
                    "rule": "X2 < 0.545",
                    "mass_class_1": 0.8657678961753845,
                    "mass_class_2": 0.0,
                    "uncertainty": 0.13423211872577667
                },
                {
                    "rule": "0.299 < X1 < 1.279",
                    "mass_class_1": 0.5294761061668396,
                    "mass_class_2": 0.0,
                    "uncertainty": 0.4705238938331604
                }
            ]
        },
        {
            "centroid": 1,
            "values": {
                "X1": 1.9762568079777365,
                "X2": 2.9513509239332096
            },
            "prediction": "[0.0415254 0.9584746]",
            "class": "1",
            "rules": [
                {
                    "rule": "X2 > 2.883",
                    "mass_class_1": 0.0,
                    "mass_class_2": 0.9652083516120911,
                    "uncertainty": 0.03479165583848953
                },
                {
                    "rule": "1.279 < X1 < 2.260",
                    "mass_class_1": 0.20344100892543793,
                    "mass_class_2": 0.008081350475549698,
                    "uncertainty": 0.7884776592254639
                }
            ]
        }
    ],
    "dsc_rules": {
        "0": [
            [
                "0.74955404",
                4,
                "X2 < 0.545",
                "0.8657679",
                "[0.8657679  0.         0.13423212]"
            ],
            [
                "0.67015",
                0,
                "X1 < 0.299",
                "0.8186269",
                "[0.8186269  0.         0.18137312]"
            ],
            [
                "0.38952324",
                5,
                "0.545 < X2 < 1.714",
                "0.624118",
                "[0.624118   0.         0.37588203]"
            ],
            [
                "0.28034493",
                1,
                "0.299 < X1 < 1.279",
                "0.5294761",
                "[0.5294761 0.        0.4705239]"
            ],
            [
                "0.04303232",
                2,
                "1.279 < X1 < 2.260",
                "0.20744233",
                "[0.20344101 0.00808135 0.78847766]"
            ]
        ],
        "1": [
            [
                "0.93162715",
                7,
                "X2 > 2.883",
                "0.96520835",
                "[0.         0.96520835 0.03479166]"
            ],
            [
                "0.6806537",
                3,
                "X1 > 2.260",
                "0.8250174",
                "[0.         0.8250174  0.17498262]"
            ],
            [
                "0.36456212",
                6,
                "1.714 < X2 < 2.883",
                "0.6037898",
                "[0.         0.6037898  0.39621016]"
            ],
            [
                "0.0017093861",
                2,
                "1.279 < X1 < 2.260",
                "0.041344725",
                "[0.20344101 0.00808135 0.78847766]"
            ]
        ]
    }
}