{
    "dataset": "Rectangle",
    "kmeans_centroids": [
        {
            "centroid": 0,
            "values": {
                "x": 0.49255161355233285,
                "y": -0.13888676959406368
            },
            "prediction": "[0.8781691  0.12183081]",
            "class": "0",
            "rules": [
                {
                    "rule": "x > 0.371",
                    "mass_class_1": 0.8316642642021179,
                    "mass_class_2": 0.0,
                    "uncertainty": 0.16833576560020447
                },
                {
                    "rule": "-0.441 < y < -0.016",
                    "mass_class_1": 0.1790263056755066,
                    "mass_class_2": 0.0038455971516668797,
                    "uncertainty": 0.81712806224823
                }
            ]
        },
        {
            "centroid": 1,
            "values": {
                "x": -0.5045586768493815,
                "y": 0.10011836271876033
            },
            "prediction": "[0.09773025 0.9022698 ]",
            "class": "1",
            "rules": [
                {
                    "rule": "x < -0.412",
                    "mass_class_1": 0.0,
                    "mass_class_2": 0.8510022163391113,
                    "uncertainty": 0.14899778366088867
                },
                {
                    "rule": "-0.016 < y < 0.410",
                    "mass_class_1": 0.0,
                    "mass_class_2": 0.27303627133369446,
                    "uncertainty": 0.7269637584686279
                }
            ]
        }
    ],
    "dsc_rules": {
        "0": [
            [
                "0.6916654",
                3,
                "x > 0.371",
                "0.83166426",
                "[0.83166426 0.         0.16833577]"
            ],
            [
                "0.48523453",
                2,
                "-0.021 < x < 0.371",
                "0.6965878",
                "[0.69658774 0.         0.30341223]"
            ],
            [
                "0.12093736",
                4,
                "y < -0.441",
                "0.3477605",
                "[0.3477605 0.        0.6522395]"
            ],
            [
                "0.032738887",
                5,
                "-0.441 < y < -0.016",
                "0.1809389",
                "[0.1790263  0.0038456  0.81712806]"
            ]
        ],
        "1": [
            [
                "0.7242048",
                0,
                "x < -0.412",
                "0.8510022",
                "[0.         0.8510022  0.14899778]"
            ],
            [
                "0.54539096",
                1,
                "-0.412 < x < -0.021",
                "0.7385059",
                "[0.        0.7385059 0.2614941]"
            ],
            [
                "0.10936098",
                7,
                "y > 0.410",
                "0.33069772",
                "[0.         0.33069772 0.6693023 ]"
            ],
            [
                "0.074548796",
                6,
                "-0.016 < y < 0.410",
                "0.27303624",
                "[0.         0.27303627 0.72696376]"
            ],
            [
                "0.0007032518",
                5,
                "-0.441 < y < -0.016",
                "0.026518894",
                "[0.1790263  0.0038456  0.81712806]"
            ]
        ]
    }
}