{
    "dataset": "Gaussian",
    "kmeans_centroids": [
        {
            "centroid": 0,
            "values": {
                "x": 0.17778860369263239,
                "y": 0.9035088808842218
            },
            "prediction": "[0.9275231  0.07247689]",
            "class": "0",
            "rules": [
                {
                    "rule": "x < 0.304",
                    "mass_class_1": 0.7304936051368713,
                    "mass_class_2": 0.0,
                    "uncertainty": 0.26950639486312866
                },
                {
                    "rule": "y > 0.838",
                    "mass_class_1": 0.7100616097450256,
                    "mass_class_2": 0.0,
                    "uncertainty": 0.28993842005729675
                }
            ]
        },
        {
            "centroid": 1,
            "values": {
                "x": 1.1928591125867567,
                "y": 0.18145611956065327
            },
            "prediction": "[0.08366776 0.9163322 ]",
            "class": "1",
            "rules": [
                {
                    "rule": "x > 1.067",
                    "mass_class_1": 0.0,
                    "mass_class_2": 0.7472900152206421,
                    "uncertainty": 0.2527099847793579
                },
                {
                    "rule": "y < 0.247",
                    "mass_class_1": 0.0,
                    "mass_class_2": 0.6386876702308655,
                    "uncertainty": 0.3613123297691345
                }
            ]
        }
    ],
    "dsc_rules": {
        "0": [
            [
                "0.5336209",
                0,
                "x < 0.304",
                "0.7304936",
                "[0.7304936 0.        0.2695064]"
            ],
            [
                "0.50418746",
                7,
                "y > 0.838",
                "0.7100616",
                "[0.7100616  0.         0.28993842]"
            ],
            [
                "0.32749662",
                1,
                "0.304 < x < 0.685",
                "0.5722732",
                "[0.5722732 0.        0.4277268]"
            ],
            [
                "0.2917246",
                6,
                "0.542 < y < 0.838",
                "0.54011536",
                "[0.53429097 0.01171225 0.45399678]"
            ],
            [
                "0.013052558",
                5,
                "0.247 < y < 0.542",
                "0.11424779",
                "[0.02848737 0.4297001  0.5418125 ]"
            ]
        ],
        "1": [
            [
                "0.55844235",
                3,
                "x > 1.067",
                "0.74729",
                "[0.         0.74729    0.25270998]"
            ],
            [
                "0.4828773",
                2,
                "0.685 < x < 1.067",
                "0.6948937",
                "[0.         0.6948938  0.30510625]"
            ],
            [
                "0.40792194",
                4,
                "y < 0.247",
                "0.6386877",
                "[0.         0.6386877  0.36131233]"
            ],
            [
                "0.19688323",
                5,
                "0.247 < y < 0.542",
                "0.44371524",
                "[0.02848737 0.4297001  0.5418125 ]"
            ],
            [
                "0.006394929",
                6,
                "0.542 < y < 0.838",
                "0.079968296",
                "[0.53429097 0.01171225 0.45399678]"
            ]
        ]
    }
}