{
    "dataset": "Gaussian",
    "kmeans_centroids": [
        {
            "centroid": 0,
            "values": {
                "x": 0.17778860369263239,
                "y": 0.9035088808842218
            },
            "prediction": "[0.9114777  0.08852227]",
            "class": "0",
            "rules": [
                {
                    "rule": "x < 0.304",
                    "mass_class_1": 0.7105706334114075,
                    "mass_class_2": 0.0,
                    "uncertainty": 0.28942936658859253
                },
                {
                    "rule": "y > 0.838",
                    "mass_class_1": 0.6644448637962341,
                    "mass_class_2": 0.0,
                    "uncertainty": 0.33555516600608826
                }
            ]
        },
        {
            "centroid": 1,
            "values": {
                "x": 1.1928591125867567,
                "y": 0.18145611956065327
            },
            "prediction": "[0.09258035 0.9074196 ]",
            "class": "1",
            "rules": [
                {
                    "rule": "y < 0.247",
                    "mass_class_1": 0.0,
                    "mass_class_2": 0.7127668261528015,
                    "uncertainty": 0.2872331738471985
                },
                {
                    "rule": "x > 1.067",
                    "mass_class_1": 0.0,
                    "mass_class_2": 0.6447974443435669,
                    "uncertainty": 0.3552025258541107
                }
            ]
        }
    ],
    "dsc_rules": {
        "0": [
            [
                "0.50491065",
                0,
                "x < 0.304",
                "0.71057063",
                "[0.71057063 0.         0.28942937]"
            ],
            [
                "0.44148692",
                7,
                "y > 0.838",
                "0.6644448",
                "[0.66444486 0.         0.33555517]"
            ],
            [
                "0.3933631",
                1,
                "0.304 < x < 0.685",
                "0.62718666",
                "[0.62718666 0.         0.37281334]"
            ],
            [
                "0.25090772",
                6,
                "0.542 < y < 0.838",
                "0.5009069",
                "[0.4939908  0.01392902 0.49208018]"
            ],
            [
                "0.00025522313",
                5,
                "0.247 < y < 0.542",
                "0.015975704",
                "[0.00051352 0.49649805 0.50298846]"
            ]
        ],
        "1": [
            [
                "0.50803655",
                4,
                "y < 0.247",
                "0.7127668",
                "[0.         0.7127668  0.28723317]"
            ],
            [
                "0.41576374",
                3,
                "x > 1.067",
                "0.64479744",
                "[0.         0.64479744 0.35520253]"
            ],
            [
                "0.40075144",
                2,
                "0.685 < x < 1.067",
                "0.6330493",
                "[0.        0.6330493 0.3669507]"
            ],
            [
                "0.24676526",
                5,
                "0.247 < y < 0.542",
                "0.49675474",
                "[0.00051352 0.49649805 0.50298846]"
            ],
            [
                "0.007074823",
                6,
                "0.542 < y < 0.838",
                "0.084111966",
                "[0.4939908  0.01392902 0.49208018]"
            ]
        ]
    }
}