{
    "dataset": "Uniform",
    "kmeans_centroids": [
        {
            "centroid": 0,
            "values": {
                "x": -2.3635068035137694,
                "y": 0.0
            },
            "prediction": "[0.84706897 0.15293108]",
            "class": "0",
            "rules": [
                {
                    "rule": "x < -1.791",
                    "mass_class_1": 0.7999268770217896,
                    "mass_class_2": 0.0,
                    "uncertainty": 0.20007310807704926
                },
                {
                    "rule": "y = 0.0",
                    "mass_class_1": 0.13607686758041382,
                    "mass_class_2": 0.04261454939842224,
                    "uncertainty": 0.8213085532188416
                }
            ]
        },
        {
            "centroid": 1,
            "values": {
                "x": 2.466650215529293,
                "y": 0.0
            },
            "prediction": "[0.12843807 0.87156194]",
            "class": "1",
            "rules": [
                {
                    "rule": "x > 2.010",
                    "mass_class_1": 0.0,
                    "mass_class_2": 0.8670207858085632,
                    "uncertainty": 0.13297921419143677
                },
                {
                    "rule": "y = 0.0",
                    "mass_class_1": 0.13607686758041382,
                    "mass_class_2": 0.04261454939842224,
                    "uncertainty": 0.8213085532188416
                }
            ]
        }
    ],
    "dsc_rules": {
        "0": [
            [
                "0.6553274",
                1,
                "-1.791 < x < 0.110",
                "0.8095229",
                "[0.8095229  0.         0.19047706]"
            ],
            [
                "0.639883",
                0,
                "x < -1.791",
                "0.7999269",
                "[0.7999269  0.         0.20007311]"
            ],
            [
                "0.024315773",
                4,
                "y = 0.0",
                "0.15593515",
                "[0.13607687 0.04261455 0.82130855]"
            ]
        ],
        "1": [
            [
                "0.751725",
                3,
                "x > 2.010",
                "0.8670208",
                "[0.         0.8670208  0.13297921]"
            ],
            [
                "0.67121935",
                2,
                "0.110 < x < 2.010",
                "0.8192798",
                "[0.         0.8192798  0.18072022]"
            ],
            [
                "0.0076148557",
                4,
                "y = 0.0",
                "0.08726314",
                "[0.13607687 0.04261455 0.82130855]"
            ]
        ]
    }
}