{
    "dataset": "Uniform",
    "kmeans_centroids": [
        {
            "centroid": 0,
            "values": {
                "x": 2.466650215529293,
                "y": 0.0
            },
            "prediction": "[0.81342566 0.18657435]",
            "class": "0",
            "rules": [
                {
                    "rule": "x > 2.010",
                    "mass_class_1": 0.7193267941474915,
                    "mass_class_2": 0.0,
                    "uncertainty": 0.28067320585250854
                },
                {
                    "rule": "y = 0.0",
                    "mass_class_1": 0.18451446294784546,
                    "mass_class_2": 0.002108905464410782,
                    "uncertainty": 0.8133766055107117
                }
            ]
        },
        {
            "centroid": 1,
            "values": {
                "x": -2.3635068035137694,
                "y": 0.0
            },
            "prediction": "[0.17261526 0.82738477]",
            "class": "1",
            "rules": [
                {
                    "rule": "x < -1.791",
                    "mass_class_1": 0.0,
                    "mass_class_2": 0.8295077085494995,
                    "uncertainty": 0.17049230635166168
                },
                {
                    "rule": "y = 0.0",
                    "mass_class_1": 0.18451446294784546,
                    "mass_class_2": 0.002108905464410782,
                    "uncertainty": 0.8133766055107117
                }
            ]
        }
    ],
    "dsc_rules": {
        "0": [
            [
                "0.6903062",
                2,
                "0.110 < x < 2.010",
                "0.83084667",
                "[0.83084667 0.         0.16915332]"
            ],
            [
                "0.517431",
                3,
                "x > 2.010",
                "0.7193268",
                "[0.7193268 0.        0.2806732]"
            ],
            [
                "0.034434717",
                4,
                "y = 0.0",
                "0.18556593",
                "[0.18451446 0.00210891 0.8133766 ]"
            ]
        ],
        "1": [
            [
                "0.71513414",
                1,
                "-1.791 < x < 0.110",
                "0.84565604",
                "[0.         0.84565604 0.15434399]"
            ],
            [
                "0.68808305",
                0,
                "x < -1.791",
                "0.8295077",
                "[0.        0.8295077 0.1704923]"
            ],
            [
                "0.0003935711",
                4,
                "y = 0.0",
                "0.019838626",
                "[0.18451446 0.00210891 0.8133766 ]"
            ]
        ]
    }
}