{
    "dataset": "EngyTime",
    "kmeans_centroids": [
        {
            "centroid": 0,
            "values": {
                "X1": 0.5140143535146234,
                "X2": 0.34178288096459664
            },
            "prediction": "[0.9496121  0.05038794]",
            "class": "0",
            "rules": [
                {
                    "rule": "X2 < 0.545",
                    "mass_class_1": 0.9004817008972168,
                    "mass_class_2": 0.0,
                    "uncertainty": 0.0995182991027832
                },
                {
                    "rule": "0.299 < X1 < 1.279",
                    "mass_class_1": 0.46681565046310425,
                    "mass_class_2": 0.0,
                    "uncertainty": 0.5331843495368958
                }
            ]
        },
        {
            "centroid": 1,
            "values": {
                "X1": 1.9740564084769443,
                "X2": 2.959755050302747
            },
            "prediction": "[0.05023446 0.9497655 ]",
            "class": "1",
            "rules": [
                {
                    "rule": "X2 > 2.883",
                    "mass_class_1": 0.0,
                    "mass_class_2": 0.9525931477546692,
                    "uncertainty": 0.047406841069459915
                },
                {
                    "rule": "1.279 < X1 < 2.260",
                    "mass_class_1": 0.14515139162540436,
                    "mass_class_2": 0.04625217989087105,
                    "uncertainty": 0.8085964322090149
                }
            ]
        }
    ],
    "dsc_rules": {
        "0": [
            [
                "0.8108673",
                4,
                "X2 < 0.545",
                "0.9004817",
                "[0.9004817 0.        0.0995183]"
            ],
            [
                "0.64006394",
                0,
                "X1 < 0.299",
                "0.80003995",
                "[0.80003995 0.         0.19996005]"
            ],
            [
                "0.44288713",
                5,
                "0.545 < X2 < 1.714",
                "0.66549766",
                "[0.66549766 0.         0.33450234]"
            ],
            [
                "0.21791685",
                1,
                "0.299 < X1 < 1.279",
                "0.46681565",
                "[0.46681565 0.         0.53318435]"
            ],
            [
                "0.027782494",
                2,
                "1.279 < X1 < 2.260",
                "0.16668081",
                "[0.14515139 0.04625218 0.80859643]"
            ]
        ],
        "1": [
            [
                "0.9074337",
                7,
                "X2 > 2.883",
                "0.95259315",
                "[0.         0.95259315 0.04740684]"
            ],
            [
                "0.72400725",
                3,
                "X1 > 2.260",
                "0.85088617",
                "[0.         0.85088617 0.14911385]"
            ],
            [
                "0.3285136",
                6,
                "1.714 < X2 < 2.883",
                "0.57316107",
                "[0.         0.57316107 0.42683893]"
            ],
            [
                "0.008852832",
                2,
                "1.279 < X1 < 2.260",
                "0.094089486",
                "[0.14515139 0.04625218 0.80859643]"
            ]
        ]
    }
}