{
    "dataset": "Rectangle",
    "kmeans_centroids": [
        {
            "centroid": 0,
            "values": {
                "x": 0.004198246296158264,
                "y": -0.5865640830423052
            },
            "prediction": "[0.83636105 0.16363892]",
            "class": "0",
            "rules": [
                {
                    "rule": "y < -0.441",
                    "mass_class_1": 0.7893580198287964,
                    "mass_class_2": 0.0,
                    "uncertainty": 0.21064196527004242
                },
                {
                    "rule": "-0.021 < x < 0.371",
                    "mass_class_1": 0.13387559354305267,
                    "mass_class_2": 0.0675353929400444,
                    "uncertainty": 0.7985889911651611
                }
            ]
        },
        {
            "centroid": 1,
            "values": {
                "x": -0.046336247117657735,
                "y": 0.5759678248423153
            },
            "prediction": "[0.18724936 0.81275064]",
            "class": "1",
            "rules": [
                {
                    "rule": "y > 0.410",
                    "mass_class_1": 0.0,
                    "mass_class_2": 0.7496731877326965,
                    "uncertainty": 0.25032681226730347
                },
                {
                    "rule": "-0.412 < x < -0.021",
                    "mass_class_1": 0.060172367841005325,
                    "mass_class_2": 0.13502433896064758,
                    "uncertainty": 0.8048033118247986
                }
            ]
        }
    ],
    "dsc_rules": {
        "0": [
            [
                "0.6797263",
                5,
                "-0.441 < y < -0.016",
                "0.82445514",
                "[0.82445514 0.         0.17554489]"
            ],
            [
                "0.6230861",
                4,
                "y < -0.441",
                "0.789358",
                "[0.789358   0.         0.21064197]"
            ],
            [
                "0.026964018",
                2,
                "-0.021 < x < 0.371",
                "0.16420723",
                "[0.1338756  0.06753539 0.798589  ]"
            ],
            [
                "0.01416777",
                3,
                "x > 0.371",
                "0.11902844",
                "[0.07888854 0.10070373 0.82040775]"
            ],
            [
                "0.011745447",
                1,
                "-0.412 < x < -0.021",
                "0.10837641",
                "[0.06017237 0.13502434 0.8048033 ]"
            ],
            [
                "0.008125129",
                0,
                "x < -0.412",
                "0.0901395",
                "[0.04584929 0.13136458 0.82278615]"
            ]
        ],
        "1": [
            [
                "0.711729",
                6,
                "-0.016 < y < 0.410",
                "0.8436403",
                "[0.        0.8436403 0.1563597]"
            ],
            [
                "0.5620099",
                7,
                "y > 0.410",
                "0.7496732",
                "[0.        0.7496732 0.2503268]"
            ],
            [
                "0.026356304",
                1,
                "-0.412 < x < -0.021",
                "0.16234624",
                "[0.06017237 0.13502434 0.8048033 ]"
            ],
            [
                "0.023279624",
                0,
                "x < -0.412",
                "0.15257661",
                "[0.04584929 0.13136458 0.82278615]"
            ],
            [
                "0.01808561",
                3,
                "x > 0.371",
                "0.13448276",
                "[0.07888854 0.10070373 0.82040775]"
            ],
            [
                "0.013602371",
                2,
                "-0.021 < x < 0.371",
                "0.116629206",
                "[0.1338756  0.06753539 0.798589  ]"
            ]
        ]
    }
}