{
    "dataset": "WingNut",
    "kmeans_centroids": [
        {
            "centroid": 0,
            "values": {
                "X1": 0.9176798064833009,
                "X2": 1.0539223938605107
            },
            "prediction": "[0.8339876  0.16601235]",
            "class": "0",
            "rules": [
                {
                    "rule": "X1 > 0.740",
                    "mass_class_1": 0.7401860952377319,
                    "mass_class_2": 0.0,
                    "uncertainty": 0.2598138749599457
                },
                {
                    "rule": "0.899 < X2 < 1.500",
                    "mass_class_1": 0.2441682368516922,
                    "mass_class_2": 0.013478245586156845,
                    "uncertainty": 0.7423534989356995
                }
            ]
        },
        {
            "centroid": 1,
            "values": {
                "X1": -0.9212998451676533,
                "X2": 1.947837283195266
            },
            "prediction": "[0.14759983 0.8524001 ]",
            "class": "1",
            "rules": [
                {
                    "rule": "X1 < -0.740",
                    "mass_class_1": 0.0,
                    "mass_class_2": 0.826714038848877,
                    "uncertainty": 0.17328593134880066
                },
                {
                    "rule": "1.500 < X2 < 2.101",
                    "mass_class_1": 0.08411458134651184,
                    "mass_class_2": 0.0847911611199379,
                    "uncertainty": 0.8310943245887756
                }
            ]
        }
    ],
    "dsc_rules": {
        "0": [
            [
                "0.54787546",
                3,
                "X1 > 0.740",
                "0.7401861",
                "[0.7401861  0.         0.25981387]"
            ],
            [
                "0.54334164",
                2,
                "0.000 < X1 < 0.740",
                "0.7371171",
                "[0.7371171 0.        0.2628829]"
            ],
            [
                "0.33205512",
                4,
                "X2 < 0.899",
                "0.57624227",
                "[0.57624227 0.         0.42375776]"
            ],
            [
                "0.06290909",
                5,
                "0.899 < X2 < 1.500",
                "0.25081685",
                "[0.24416824 0.01347825 0.7423535 ]"
            ],
            [
                "0.01420743",
                6,
                "1.500 < X2 < 2.101",
                "0.119194925",
                "[0.08411458 0.08479116 0.8310943 ]"
            ]
        ],
        "1": [
            [
                "0.6834561",
                0,
                "X1 < -0.740",
                "0.82671404",
                "[0.         0.82671404 0.17328593]"
            ],
            [
                "0.5882585",
                1,
                "-0.740 < X1 < 0.000",
                "0.7669801",
                "[0.        0.7669801 0.2330199]"
            ],
            [
                "0.23047605",
                7,
                "X2 > 2.101",
                "0.4800792",
                "[0.         0.4800792  0.51992077]"
            ],
            [
                "0.014321708",
                6,
                "1.500 < X2 < 2.101",
                "0.11967334",
                "[0.08411458 0.08479116 0.8310943 ]"
            ],
            [
                "0.0034726227",
                5,
                "0.899 < X2 < 1.500",
                "0.058928963",
                "[0.24416824 0.01347825 0.7423535 ]"
            ]
        ]
    }
}