{
    "dataset": "EngyTime",
    "kmeans_centroids": [
        {
            "centroid": 0,
            "values": {
                "X1": 0.5047955701030933,
                "X2": 0.33897749278350453
            },
            "prediction": "[0.9579484  0.04205161]",
            "class": "0",
            "rules": [
                {
                    "rule": "X2 < 0.545",
                    "mass_class_1": 0.9228775501251221,
                    "mass_class_2": 0.0,
                    "uncertainty": 0.07712242007255554
                },
                {
                    "rule": "0.299 < X1 < 1.279",
                    "mass_class_1": 0.43395426869392395,
                    "mass_class_2": 0.005529950838536024,
                    "uncertainty": 0.5605157613754272
                }
            ]
        },
        {
            "centroid": 1,
            "values": {
                "X1": 1.9762568079777365,
                "X2": 2.9513509239332096
            },
            "prediction": "[0.04580836 0.9541916 ]",
            "class": "1",
            "rules": [
                {
                    "rule": "X2 > 2.883",
                    "mass_class_1": 0.0,
                    "mass_class_2": 0.952510416507721,
                    "uncertainty": 0.047489579766988754
                },
                {
                    "rule": "1.279 < X1 < 2.260",
                    "mass_class_1": 0.09500661492347717,
                    "mass_class_2": 0.08513666689395905,
                    "uncertainty": 0.8198567032814026
                }
            ]
        }
    ],
    "dsc_rules": {
        "0": [
            [
                "0.851703",
                4,
                "X2 < 0.545",
                "0.92287755",
                "[0.92287755 0.         0.07712242]"
            ],
            [
                "0.5696455",
                0,
                "X1 < 0.299",
                "0.75474864",
                "[0.75474864 0.         0.24525134]"
            ],
            [
                "0.49327525",
                5,
                "0.545 < X2 < 1.714",
                "0.7023356",
                "[0.70233554 0.         0.29766443]"
            ],
            [
                "0.19071606",
                1,
                "0.299 < X1 < 1.279",
                "0.4367105",
                "[0.43395427 0.00552995 0.56051576]"
            ],
            [
                "0.017114805",
                2,
                "1.279 < X1 < 2.260",
                "0.13082357",
                "[0.09500661 0.08513667 0.8198567 ]"
            ]
        ],
        "1": [
            [
                "0.9072761",
                7,
                "X2 > 2.883",
                "0.9525104",
                "[0.         0.9525104  0.04748958]"
            ],
            [
                "0.7720929",
                3,
                "X1 > 2.260",
                "0.87868816",
                "[0.         0.87868816 0.12131184]"
            ],
            [
                "0.26397228",
                6,
                "1.714 < X2 < 2.883",
                "0.5137823",
                "[0.         0.5137823  0.48621768]"
            ],
            [
                "0.015336799",
                2,
                "1.279 < X1 < 2.260",
                "0.12384183",
                "[0.09500661 0.08513667 0.8198567 ]"
            ],
            [
                "0.0024303263",
                1,
                "0.299 < X1 < 1.279",
                "0.04929834",
                "[0.43395427 0.00552995 0.56051576]"
            ]
        ]
    }
}