{
    "dataset": "Uniform",
    "kmeans_centroids": [
        {
            "centroid": 0,
            "values": {
                "x": 2.4477827298366566,
                "y": 0.0
            },
            "prediction": "[0.8537754  0.14622456]",
            "class": "0",
            "rules": [
                {
                    "rule": "x > 2.010",
                    "mass_class_1": 0.8422411680221558,
                    "mass_class_2": 0.0,
                    "uncertainty": 0.15775881707668304
                },
                {
                    "rule": "y = 0.0",
                    "mass_class_1": 0.0566832572221756,
                    "mass_class_2": 0.13109053671360016,
                    "uncertainty": 0.8122262358665466
                }
            ]
        },
        {
            "centroid": 1,
            "values": {
                "x": -2.383310533800488,
                "y": 0.0
            },
            "prediction": "[0.15695967 0.84304035]",
            "class": "1",
            "rules": [
                {
                    "rule": "x < -1.791",
                    "mass_class_1": 0.0,
                    "mass_class_2": 0.7978737354278564,
                    "uncertainty": 0.20212626457214355
                },
                {
                    "rule": "y = 0.0",
                    "mass_class_1": 0.0566832572221756,
                    "mass_class_2": 0.13109053671360016,
                    "uncertainty": 0.8122262358665466
                }
            ]
        }
    ],
    "dsc_rules": {
        "0": [
            [
                "0.7093702",
                3,
                "x > 2.010",
                "0.84224117",
                "[0.84224117 0.         0.15775882]"
            ],
            [
                "0.69958955",
                2,
                "0.110 < x < 2.010",
                "0.8364147",
                "[0.8364147  0.         0.16358529]"
            ],
            [
                "0.010643628",
                4,
                "y = 0.0",
                "0.10316796",
                "[0.05668326 0.13109054 0.81222624]"
            ]
        ],
        "1": [
            [
                "0.6366025",
                0,
                "x < -1.791",
                "0.79787374",
                "[0.         0.79787374 0.20212626]"
            ],
            [
                "0.6230661",
                1,
                "-1.791 < x < 0.110",
                "0.7893454",
                "[0.        0.7893454 0.2106546]"
            ],
            [
                "0.024615364",
                4,
                "y = 0.0",
                "0.15689284",
                "[0.05668326 0.13109054 0.81222624]"
            ]
        ]
    }
}