{
    "dataset": "Rectangle",
    "kmeans_centroids": [
        {
            "centroid": 0,
            "values": {
                "x": -0.5093888190841265,
                "y": 0.11349045232162826
            },
            "prediction": "[0.83848315 0.16151682]",
            "class": "0",
            "rules": [
                {
                    "rule": "x < -0.412",
                    "mass_class_1": 0.7334961295127869,
                    "mass_class_2": 0.0,
                    "uncertainty": 0.26650387048721313
                },
                {
                    "rule": "-0.016 < y < 0.410",
                    "mass_class_1": 0.27719712257385254,
                    "mass_class_2": 0.0,
                    "uncertainty": 0.7228028774261475
                }
            ]
        },
        {
            "centroid": 1,
            "values": {
                "x": 0.48150857683679454,
                "y": -0.1487873892131764
            },
            "prediction": "[0.16409615 0.8359038 ]",
            "class": "1",
            "rules": [
                {
                    "rule": "x > 0.371",
                    "mass_class_1": 0.0,
                    "mass_class_2": 0.7860426902770996,
                    "uncertainty": 0.2139573097229004
                },
                {
                    "rule": "-0.441 < y < -0.016",
                    "mass_class_1": 0.05418872833251953,
                    "mass_class_2": 0.1322004199028015,
                    "uncertainty": 0.8136109113693237
                }
            ]
        }
    ],
    "dsc_rules": {
        "0": [
            [
                "0.53801656",
                0,
                "x < -0.412",
                "0.7334961",
                "[0.7334961  0.         0.26650387]"
            ],
            [
                "0.50299776",
                1,
                "-0.412 < x < -0.021",
                "0.70922333",
                "[0.70922333 0.         0.29077664]"
            ],
            [
                "0.09915868",
                7,
                "y > 0.410",
                "0.3148947",
                "[0.3148947  0.         0.68510526]"
            ],
            [
                "0.07683825",
                6,
                "-0.016 < y < 0.410",
                "0.27719712",
                "[0.27719712 0.         0.7228029 ]"
            ],
            [
                "0.010100188",
                5,
                "-0.441 < y < -0.016",
                "0.10049969",
                "[0.05418873 0.13220042 0.8136109 ]"
            ]
        ],
        "1": [
            [
                "0.6178631",
                3,
                "x > 0.371",
                "0.7860427",
                "[0.         0.7860427  0.21395731]"
            ],
            [
                "0.4422993",
                2,
                "-0.021 < x < 0.371",
                "0.6650559",
                "[0.         0.6650559  0.33494416]"
            ],
            [
                "0.086182564",
                4,
                "y < -0.441",
                "0.29356867",
                "[0.         0.29356867 0.7064313 ]"
            ],
            [
                "0.024640717",
                5,
                "-0.441 < y < -0.016",
                "0.15697362",
                "[0.05418873 0.13220042 0.8136109 ]"
            ]
        ]
    }
}