{
    "dataset": "TwoDiamonds",
    "kmeans_centroids": [
        {
            "centroid": 0,
            "values": {
                "X1": 3.084087225,
                "X2": -0.0020558000000000095
            },
            "prediction": "[0.8248898  0.17511022]",
            "class": "0",
            "rules": [
                {
                    "rule": "X1 > 2.800",
                    "mass_class_1": 0.8278038501739502,
                    "mass_class_2": 0.0,
                    "uncertainty": 0.1721961349248886
                },
                {
                    "rule": "-0.290 < X2 < 0.001",
                    "mass_class_1": 0.0016265468439087272,
                    "mass_class_2": 0.1901569664478302,
                    "uncertainty": 0.8082165122032166
                }
            ]
        },
        {
            "centroid": 1,
            "values": {
                "X1": 1.0043701000000003,
                "X2": 0.0044222524999999934
            },
            "prediction": "[0.17538725 0.8246128 ]",
            "class": "1",
            "rules": [
                {
                    "rule": "X1 < 1.288",
                    "mass_class_1": 0.0,
                    "mass_class_2": 0.7550435662269592,
                    "uncertainty": 0.24495640397071838
                },
                {
                    "rule": "0.001 < X2 < 0.293",
                    "mass_class_1": 0.020218225196003914,
                    "mass_class_2": 0.14927642047405243,
                    "uncertainty": 0.83050537109375
                }
            ]
        }
    ],
    "dsc_rules": {
        "0": [
            [
                "0.7681655",
                2,
                "2.044 < X1 < 2.800",
                "0.87645054",
                "[0.87645054 0.         0.12354948]"
            ],
            [
                "0.6852592",
                3,
                "X1 > 2.800",
                "0.82780385",
                "[0.82780385 0.         0.17219613]"
            ],
            [
                "0.0034268806",
                6,
                "0.001 < X2 < 0.293",
                "0.058539566",
                "[0.02021823 0.14927642 0.8305054 ]"
            ],
            [
                "0.0034092916",
                7,
                "X2 > 0.293",
                "0.05838914",
                "[0.01781906 0.17350937 0.8086716 ]"
            ],
            [
                "0.0027183646",
                4,
                "X2 < -0.290",
                "0.052137937",
                "[0.01533954 0.16187336 0.8227871 ]"
            ],
            [
                "0.00031194484",
                5,
                "-0.290 < X2 < 0.001",
                "0.01766196",
                "[0.00162655 0.19015697 0.8082165 ]"
            ]
        ],
        "1": [
            [
                "0.68900377",
                1,
                "1.288 < X1 < 2.044",
                "0.8300625",
                "[0.         0.8300625  0.16993748]"
            ],
            [
                "0.57009083",
                0,
                "X1 < 1.288",
                "0.75504357",
                "[0.         0.75504357 0.2449564 ]"
            ],
            [
                "0.036468968",
                5,
                "-0.290 < X2 < 0.001",
                "0.1909685",
                "[0.00162655 0.19015697 0.8082165 ]"
            ],
            [
                "0.033197273",
                7,
                "X2 > 0.293",
                "0.18220119",
                "[0.01781906 0.17350937 0.8086716 ]"
            ],
            [
                "0.028686047",
                4,
                "X2 < -0.290",
                "0.16936956",
                "[0.01533954 0.16187336 0.8227871 ]"
            ],
            [
                "0.025301551",
                6,
                "0.001 < X2 < 0.293",
                "0.15906462",
                "[0.02021823 0.14927642 0.8305054 ]"
            ]
        ]
    }
}