{
    "dataset": "Gaussian",
    "kmeans_centroids": [
        {
            "centroid": 0,
            "values": {
                "x": 0.17778860369263239,
                "y": 0.9035088808842218
            },
            "prediction": "[0.902663   0.09733696]",
            "class": "0",
            "rules": [
                {
                    "rule": "x < 0.304",
                    "mass_class_1": 0.7015345096588135,
                    "mass_class_2": 0.0,
                    "uncertainty": 0.2984654903411865
                },
                {
                    "rule": "y > 0.838",
                    "mass_class_1": 0.638708233833313,
                    "mass_class_2": 0.0,
                    "uncertainty": 0.3612917363643646
                }
            ]
        },
        {
            "centroid": 1,
            "values": {
                "x": 1.1928591125867567,
                "y": 0.18145611956065327
            },
            "prediction": "[0.06971984 0.93028015]",
            "class": "1",
            "rules": [
                {
                    "rule": "x > 1.067",
                    "mass_class_1": 0.0,
                    "mass_class_2": 0.7572788596153259,
                    "uncertainty": 0.24272112548351288
                },
                {
                    "rule": "y < 0.247",
                    "mass_class_1": 0.0,
                    "mass_class_2": 0.691230058670044,
                    "uncertainty": 0.30876994132995605
                }
            ]
        }
    ],
    "dsc_rules": {
        "0": [
            [
                "0.49215066",
                0,
                "x < 0.304",
                "0.7015345",
                "[0.7015345 0.        0.2984655]"
            ],
            [
                "0.4314422",
                1,
                "0.304 < x < 0.685",
                "0.6568426",
                "[0.6568426  0.         0.34315738]"
            ],
            [
                "0.4079482",
                7,
                "y > 0.838",
                "0.63870823",
                "[0.63870823 0.         0.36129174]"
            ],
            [
                "0.27827844",
                6,
                "0.542 < y < 0.838",
                "0.527521",
                "[0.5271364  0.00076959 0.47209403]"
            ],
            [
                "0.0053135427",
                5,
                "0.247 < y < 0.542",
                "0.07289405",
                "[0.01235636 0.41766852 0.56997514]"
            ]
        ],
        "1": [
            [
                "0.57347125",
                3,
                "x > 1.067",
                "0.75727886",
                "[0.         0.75727886 0.24272113]"
            ],
            [
                "0.477799",
                4,
                "y < 0.247",
                "0.69123006",
                "[0.         0.69123006 0.30876994]"
            ],
            [
                "0.46344572",
                2,
                "0.685 < x < 1.067",
                "0.6807685",
                "[0.         0.6807685  0.31923148]"
            ],
            [
                "0.17960785",
                5,
                "0.247 < y < 0.542",
                "0.42380166",
                "[0.01235636 0.41766852 0.56997514]"
            ],
            [
                "0.00040627032",
                6,
                "0.542 < y < 0.838",
                "0.020156149",
                "[0.5271364  0.00076959 0.47209403]"
            ]
        ]
    }
}