{
    "dataset": "WingNut",
    "kmeans_centroids": [
        {
            "centroid": 0,
            "values": {
                "X1": -0.9212998451676532,
                "X2": 1.947837283195266
            },
            "prediction": "[0.8215127  0.17848732]",
            "class": "0",
            "rules": [
                {
                    "rule": "X1 < -0.740",
                    "mass_class_1": 0.7354507446289062,
                    "mass_class_2": 0.0,
                    "uncertainty": 0.26454922556877136
                },
                {
                    "rule": "1.500 < X2 < 2.101",
                    "mass_class_1": 0.20172512531280518,
                    "mass_class_2": 0.028000902384519577,
                    "uncertainty": 0.7702739834785461
                }
            ]
        },
        {
            "centroid": 1,
            "values": {
                "X1": 0.9176798064833008,
                "X2": 1.0539223938605107
            },
            "prediction": "[0.19888994 0.80111   ]",
            "class": "1",
            "rules": [
                {
                    "rule": "X1 > 0.740",
                    "mass_class_1": 0.0,
                    "mass_class_2": 0.7329087257385254,
                    "uncertainty": 0.267091304063797
                },
                {
                    "rule": "0.899 < X2 < 1.500",
                    "mass_class_1": 0.06799598783254623,
                    "mass_class_2": 0.1336793452501297,
                    "uncertainty": 0.798324704170227
                }
            ]
        }
    ],
    "dsc_rules": {
        "0": [
            [
                "0.5408878",
                0,
                "X1 < -0.740",
                "0.73545074",
                "[0.73545074 0.         0.26454923]"
            ],
            [
                "0.42823303",
                1,
                "-0.740 < X1 < 0.000",
                "0.65439516",
                "[0.65439516 0.         0.34560484]"
            ],
            [
                "0.3093854",
                7,
                "X2 > 2.101",
                "0.5562242",
                "[0.5562242  0.         0.44377574]"
            ],
            [
                "0.04634151",
                6,
                "1.500 < X2 < 2.101",
                "0.21527077",
                "[0.20172513 0.0280009  0.770274  ]"
            ],
            [
                "0.013713111",
                5,
                "0.899 < X2 < 1.500",
                "0.117102996",
                "[0.06799599 0.13367935 0.7983247 ]"
            ]
        ],
        "1": [
            [
                "0.55198795",
                2,
                "0.000 < X1 < 0.740",
                "0.7429589",
                "[0.         0.7429589  0.25704107]"
            ],
            [
                "0.5371552",
                3,
                "X1 > 0.740",
                "0.7329087",
                "[0.        0.7329087 0.2670913]"
            ],
            [
                "0.27614436",
                4,
                "X2 < 0.899",
                "0.5254944",
                "[0.        0.5254944 0.4745056]"
            ],
            [
                "0.026959822",
                5,
                "0.899 < X2 < 1.500",
                "0.16419446",
                "[0.06799599 0.13367935 0.7983247 ]"
            ],
            [
                "0.0064325356",
                6,
                "1.500 < X2 < 2.101",
                "0.080203086",
                "[0.20172513 0.0280009  0.770274  ]"
            ]
        ]
    }
}