{
    "dataset": "Gaussian",
    "kmeans_centroids": [
        {
            "centroid": 0,
            "values": {
                "x": 1.1928591125867567,
                "y": 0.18145611956065327
            },
            "prediction": "[0.916618   0.08338203]",
            "class": "0",
            "rules": [
                {
                    "rule": "y < 0.247",
                    "mass_class_1": 0.7063694596290588,
                    "mass_class_2": 0.0,
                    "uncertainty": 0.29363057017326355
                },
                {
                    "rule": "x > 1.067",
                    "mass_class_1": 0.6901990175247192,
                    "mass_class_2": 0.0,
                    "uncertainty": 0.30980101227760315
                }
            ]
        },
        {
            "centroid": 1,
            "values": {
                "x": 0.17778860369263239,
                "y": 0.9035088808842218
            },
            "prediction": "[0.08038295 0.91961706]",
            "class": "1",
            "rules": [
                {
                    "rule": "x < 0.304",
                    "mass_class_1": 0.0,
                    "mass_class_2": 0.7380154132843018,
                    "uncertainty": 0.26198458671569824
                },
                {
                    "rule": "y > 0.838",
                    "mass_class_1": 0.0,
                    "mass_class_2": 0.6663576364517212,
                    "uncertainty": 0.3336423635482788
                }
            ]
        }
    ],
    "dsc_rules": {
        "0": [
            [
                "0.49895778",
                4,
                "y < 0.247",
                "0.70636946",
                "[0.70636946 0.         0.29363057]"
            ],
            [
                "0.4763747",
                3,
                "x > 1.067",
                "0.690199",
                "[0.690199 0.       0.309801]"
            ],
            [
                "0.45820776",
                2,
                "0.685 < x < 1.067",
                "0.67691046",
                "[0.67691046 0.         0.32308954]"
            ],
            [
                "0.22156344",
                5,
                "0.247 < y < 0.542",
                "0.47070527",
                "[0.47070524 0.         0.5292947 ]"
            ],
            [
                "0.004081717",
                6,
                "0.542 < y < 0.838",
                "0.06388832",
                "[0.0085181  0.47066334 0.5208186 ]"
            ]
        ],
        "1": [
            [
                "0.54466677",
                0,
                "x < 0.304",
                "0.7380154",
                "[0.        0.7380154 0.2619846]"
            ],
            [
                "0.47129458",
                1,
                "0.304 < x < 0.685",
                "0.68650895",
                "[0.         0.68650895 0.31349102]"
            ],
            [
                "0.4440325",
                7,
                "y > 0.838",
                "0.66635764",
                "[0.         0.66635764 0.33364236]"
            ],
            [
                "0.22553313",
                6,
                "0.542 < y < 0.838",
                "0.4749033",
                "[0.0085181  0.47066334 0.5208186 ]"
            ]
        ]
    }
}