{
    "dataset": "WingNut",
    "kmeans_centroids": [
        {
            "centroid": 0,
            "values": {
                "X1": -0.9212998451676533,
                "X2": 1.947837283195266
            },
            "prediction": "[0.8297373  0.17026275]",
            "class": "0",
            "rules": [
                {
                    "rule": "X1 < -0.740",
                    "mass_class_1": 0.7388879656791687,
                    "mass_class_2": 0.0,
                    "uncertainty": 0.2611120343208313
                },
                {
                    "rule": "1.500 < X2 < 2.101",
                    "mass_class_1": 0.21457533538341522,
                    "mass_class_2": 0.0005699860630556941,
                    "uncertainty": 0.7848546504974365
                }
            ]
        },
        {
            "centroid": 1,
            "values": {
                "X1": 0.9176798064833009,
                "X2": 1.0539223938605107
            },
            "prediction": "[0.16934374 0.8306563 ]",
            "class": "1",
            "rules": [
                {
                    "rule": "X1 > 0.740",
                    "mass_class_1": 0.0,
                    "mass_class_2": 0.7925518751144409,
                    "uncertainty": 0.2074481099843979
                },
                {
                    "rule": "0.899 < X2 < 1.500",
                    "mass_class_1": 0.09532801061868668,
                    "mass_class_2": 0.11094336956739426,
                    "uncertainty": 0.7937286496162415
                }
            ]
        }
    ],
    "dsc_rules": {
        "0": [
            [
                "0.5459554",
                0,
                "X1 < -0.740",
                "0.73888797",
                "[0.73888797 0.         0.26111203]"
            ],
            [
                "0.47619417",
                1,
                "-0.740 < X1 < 0.000",
                "0.69006824",
                "[0.69006824 0.         0.30993178]"
            ],
            [
                "0.33620328",
                7,
                "X2 > 2.101",
                "0.5798304",
                "[0.57983035 0.         0.42016962]"
            ],
            [
                "0.046164885",
                6,
                "1.500 < X2 < 2.101",
                "0.21486016",
                "[2.1457534e-01 5.6998606e-04 7.8485465e-01]"
            ],
            [
                "0.019663438",
                5,
                "0.899 < X2 < 1.500",
                "0.14022638",
                "[0.09532801 0.11094337 0.79372865]"
            ]
        ],
        "1": [
            [
                "0.6281385",
                3,
                "X1 > 0.740",
                "0.7925519",
                "[0.         0.7925519  0.20744811]"
            ],
            [
                "0.575636",
                2,
                "0.000 < X1 < 0.740",
                "0.7587068",
                "[0.         0.7587068  0.24129318]"
            ],
            [
                "0.21512617",
                4,
                "X2 < 0.899",
                "0.46381697",
                "[0.         0.46381697 0.53618306]"
            ],
            [
                "0.022884438",
                5,
                "0.899 < X2 < 1.500",
                "0.15127604",
                "[0.09532801 0.11094337 0.79372865]"
            ],
            [
                "0.00012262985",
                6,
                "1.500 < X2 < 2.101",
                "0.011073836",
                "[2.1457534e-01 5.6998606e-04 7.8485465e-01]"
            ]
        ]
    }
}