{
    "dataset": "Uniform",
    "kmeans_centroids": [
        {
            "centroid": 0,
            "values": {
                "x": -2.383310533800488,
                "y": 0.0
            },
            "prediction": "[0.8440086  0.15599145]",
            "class": "0",
            "rules": [
                {
                    "rule": "x < -1.791",
                    "mass_class_1": 0.8113035559654236,
                    "mass_class_2": 0.0,
                    "uncertainty": 0.18869642913341522
                },
                {
                    "rule": "y = 0.0",
                    "mass_class_1": 0.10307344049215317,
                    "mass_class_2": 0.08427166193723679,
                    "uncertainty": 0.8126549124717712
                }
            ]
        },
        {
            "centroid": 1,
            "values": {
                "x": 2.4477827298366566,
                "y": 0.0
            },
            "prediction": "[0.16655265 0.8334473 ]",
            "class": "1",
            "rules": [
                {
                    "rule": "x > 2.010",
                    "mass_class_1": 0.0,
                    "mass_class_2": 0.804267168045044,
                    "uncertainty": 0.19573281705379486
                },
                {
                    "rule": "y = 0.0",
                    "mass_class_1": 0.10307344049215317,
                    "mass_class_2": 0.08427166193723679,
                    "uncertainty": 0.8126549124717712
                }
            ]
        }
    ],
    "dsc_rules": {
        "0": [
            [
                "0.65821344",
                0,
                "x < -1.791",
                "0.81130356",
                "[0.81130356 0.         0.18869643]"
            ],
            [
                "0.59916043",
                1,
                "-1.791 < x < 0.110",
                "0.7740545",
                "[0.7740545  0.         0.22594549]"
            ],
            [
                "0.019310303",
                4,
                "y = 0.0",
                "0.13896152",
                "[0.10307344 0.08427166 0.8126549 ]"
            ]
        ],
        "1": [
            [
                "0.7116364",
                2,
                "0.110 < x < 2.010",
                "0.84358543",
                "[0.         0.84358543 0.15641454]"
            ],
            [
                "0.6468457",
                3,
                "x > 2.010",
                "0.80426717",
                "[0.         0.80426717 0.19573282]"
            ],
            [
                "0.015787883",
                4,
                "y = 0.0",
                "0.12564984",
                "[0.10307344 0.08427166 0.8126549 ]"
            ]
        ]
    }
}